Date,Close,C_EMA1,C_EMA2,S_RSI_P,C_RSI_V,C_Pos
2022-01-31,63.28,,,5,,B_N_Y
2022-02-01,63.39,,,5,100.0,S
2022-02-02,63.79,,,5,100.0,S
2022-02-03,63.49,,,5,56.54692931633849,S
2022-02-04,63.24,,,5,38.927111377006696,S
2022-02-07,63.81,,,5,67.65292245943421,S
2022-02-08,64.02,,,5,73.41212027488606,S
2022-02-09,64.87,63.97629511945737,,5,86.01239401801483,S
2022-02-10,65.05,64.2426384488048,,5,87.5715093973815,S
2022-02-11,64.63,64.33630718953175,,5,66.086542278017,S
2022-02-14,66.49,64.84709012517526,,5,85.61857504612402,S
2022-02-15,65.57,65.0160154443925,,5,63.13633285234271,S
2022-02-16,65.67,65.1671044474064,,5,64.4062278942921,S
2022-02-17,66.32,65.43113099419205,,5,72.19004954296115,S
2022-02-18,66.15,65.59465018598493,,5,67.37331869642367,S
2022-02-21,65.7,65.61848878840927,,5,55.189001848603645,S
2022-02-22,66.61,65.84194156274226,,5,69.24735858319826,S
2022-02-23,66.34,65.95383517679319,,5,62.02991329172013,S
2022-02-24,69.3,66.70375541340164,,5,84.36348565365276,S
2022-02-25,67.15,66.8035760120597,,5,54.994337781927555,S
2022-02-28,67.42,66.94126195934001,,5,57.32635568895569,S
2022-03-02,69.39,67.48759506646431,,5,71.02121065986786,S
2022-03-03,69.57,67.95178513700708,,5,72.0458255602663,S
2022-03-04,69.92,68.39021923874031,,5,74.2580417360952,S
2022-03-07,72.65,69.33860882390529,,5,85.46955774274194,S
2022-03-08,72.95,70.14230791247789,,5,86.28978758056547,S
2022-03-09,73.1,70.80031640616671,,5,86.75700909098498,S
2022-03-10,71.01,70.8469537513673,,5,54.44323854793151,S
2022-03-11,71.67,71.02997803553133,,5,60.28267244223778,S
2022-03-14,71.02,71.02775951471664,,5,52.06672587993866,S
2022-03-15,69.47,70.68144751851145,,5,37.02522509336489,S
2022-03-16,69.39,70.39436684296363,,5,36.3477754166649,S
2022-03-17,69.95,70.29559394577741,,5,45.132053781377046,S
2022-03-21,69.69,70.16099132301677,,5,41.785388476647434,S
2022-03-22,69.62,70.04075283254558,,5,40.76801261315861,S
2022-03-23,69.6,69.94279622855326,,5,40.41656679983287,S
2022-03-24,69.75,69.89994869955038,,5,44.871927956728065,S
2022-03-25,70.91,70.12442052759914,,5,68.00138119405062,S
2022-03-28,69.68,70.02565494055621,,5,43.69999365825316,S
2022-03-29,68.81,69.75549776129877,,5,33.207592575845325,S
2022-03-30,69.02,69.59204833838503,,5,37.71945616631173,S
2022-03-31,68.58,69.3671428471642,,5,32.04934674107976,S
2022-04-01,69.19,69.32777697219146,,5,46.092442161257885,S
2022-04-04,68.85,69.22160263806121,,5,40.2909955017007,S
2022-04-05,68.38,69.03457753663105,,5,33.09354305663621,S
2022-04-06,68.29,68.86911428400957,,5,31.736527349340705,S
2022-04-07,68.42,68.76931036957086,,5,36.44219604772541,S
2022-04-08,68.94,68.80724161736282,,5,52.733515969521235,S
2022-04-11,69.39,68.93674406120162,,5,62.994201028343475,S
2022-04-12,69.67,69.0996903939977,,5,68.3397565021279,S
2022-04-13,71.4,69.61087169385969,,5,85.03509274252079,S
2022-04-18,72.08,70.15956803129824,,5,88.11452291688224,S
2022-04-19,72.15,70.60188697280279,,5,88.4211158775233,S
2022-04-20,70.37,70.55035646859655,,5,48.58486111383485,S
2022-04-21,70.02,70.43249935851469,,5,43.74122502285616,S
2022-04-22,68.64,70.03416586001308,,5,29.32993859928554,S
2022-04-25,67.5,69.47101755275426,,5,21.884577669134714,S
2022-04-26,67.6,69.05523568005839,,5,23.999982330911735,S
2022-04-27,67.14,68.629627596458,,5,20.76638834782061,S
2022-04-28,66.44,68.14304354857477,,5,16.52998543227352,S
2022-04-29,66.91,67.86903381086421,,5,28.73221949942358,S
2022-05-02,64.99,67.22924841014596,,5,16.45143627324046,S
2022-05-04,64.7,66.6671931331299,,5,15.222970455553693,S
2022-05-05,65.43,66.39226129732445,,5,31.352414524355595,S
2022-05-06,64.6,65.99398097698231,,5,24.679170490308408,S
2022-05-09,64.12,65.57754073381253,,5,21.38826947541949,S
2022-05-10,63.72,65.16475388398334,,5,18.77970384679091,S
2022-05-11,63.29,64.74814189399206,,5,16.135332111754067,S
2022-05-12,62.37,64.21966590198768,,5,11.721274562209459,S
2022-05-13,61.22,63.553073464056965,,5,8.211367609752813,S
2022-05-16,61.97,63.2012793546666,,5,26.22173721319305,S
2022-05-17,63.39,63.24321727643284,,5,49.6179901818359,S
2022-05-18,63.29,63.25361343733758,,5,48.27051285836285,S
2022-05-19,62.75,63.14169933921347,,5,40.792788345130916,S
2022-05-20,64.0,63.33243282063161,,5,59.11791110388536,S
2022-05-23,64.18,63.52078108366843,,5,61.27532076032185,S
2022-05-24,63.68,63.556163065214974,,5,51.786290058747525,S
2022-05-25,63.65,63.57701571745338,,5,51.19172783806722,S
2022-05-26,63.43,63.54434555794136,,5,46.317162507298015,S
2022-05-27,64.53,63.76337987880523,,5,66.34591534694923,S
2022-05-30,63.98,63.811517683584654,,5,53.80050634629997,S
2022-05-31,63.58,63.76006930939699,,5,45.90875389216356,S
2022-06-01,62.61,63.50449835153011,,5,31.778673970207365,S
2022-06-02,63.76,63.561276495673084,,5,53.148761750696025,S
2022-06-03,64.54,63.778770607860594,,5,62.980377750951625,S
2022-06-06,64.41,63.91904380617141,,5,60.34231824376435,S
2022-06-07,63.8,63.89258962701374,,5,48.44113520840262,S
2022-06-08,63.91,63.89645859878942,,5,50.63572700798687,S
2022-06-09,63.8,63.87502335460985,,5,48.07770572601122,S
2022-06-10,62.9,63.65835149799731,,5,31.699673285078873,S
2022-06-13,62.92,63.494273387312056,,5,32.339920933920766,S
2022-06-14,61.91,63.14221263454403,,5,20.31741406600996,S
2022-06-15,62.56,63.01283204908066,,5,38.661342337704845,S
2022-06-16,62.88,62.98331381595,,5,46.27282963234062,S
2022-06-17,63.65,63.13146630130079,,5,60.87556213433366,S
2022-06-20,62.94,63.08891823434364,,5,46.35421191068897,S
2022-06-21,63.16,63.10471418226767,,5,50.89148732012258,S
2022-06-22,62.39,62.94588880842721,,5,37.146242983296325,S
2022-06-23,62.16,62.771246850996214,,5,33.743390214211956,S
2022-06-24,61.44,62.475414217437894,,5,24.839409594781827,S
2022-06-27,62.77,62.54087772467454,,5,53.295831607129145,S
2022-06-28,62.56,62.54512711919134,,5,49.590188928658925,S
2022-06-29,61.42,62.29509887048073,,5,33.69336776891325,S
2022-06-30,61.02,62.01174356592819,,5,29.540085679981587,S
2022-07-01,59.94,61.55135610683144,,5,20.861254997763297,S
2022-07-04,60.15,61.23994363864584,,5,26.13584549811715,S
2022-07-05,60.19,61.006622830057395,,5,27.289687411622722,S
2022-07-06,58.64,60.480706645599334,,5,15.53508516426308,S
2022-07-07,59.06,60.16499405768798,,5,26.2890581819629,S
2022-07-08,58.68,59.83499537820143,,5,22.98011632554322,S
2022-07-11,58.79,59.60277418304538,,5,26.335125138799143,S
2022-07-12,58.21,59.293268809035105,,5,20.460792034315205,S
2022-07-13,58.21,59.0525424070272,,5,20.460792034315205,S
2022-07-14,57.99,58.81642187213218,,5,18.07168044507638,S
2022-07-15,56.61,58.32610590054713,,5,9.434216466216597,S
2022-07-18,57.76,58.20030458931441,,5,39.53697750370918,S
2022-07-19,57.54,58.05357023613342,,5,36.62582813726304,S
2022-07-20,57.53,57.93722129477041,,5,36.473239325216696,S
2022-07-21,56.44,57.60450545148805,,5,23.266360315987868,S
2022-07-22,57.03,57.47683757337958,,5,38.36642335802366,S
2022-07-25,56.74,57.31309589040633,,5,34.22803767772166,S
2022-07-26,56.37,57.10351902587158,,5,29.204169380128036,S
2022-07-27,56.64,57.00051479790011,,5,37.56342097875087,S
2022-07-28,58.11,57.24706706503343,,5,65.38165657635383,S
2022-07-29,59.34,57.712163272803785,,5,76.3858910185291,S
2022-08-01,60.13,58.24946032329185,,5,81.18701793639153,S
2022-08-02,59.54,58.536246918115886,,5,68.23559364781562,S
2022-08-03,58.73,58.57930315853458,,5,53.57010708989583,S
2022-08-04,59.91,58.87501356774912,,5,66.63019655401965,S
2022-08-05,59.19,58.945010552693745,,5,54.86042262633277,S
2022-08-08,59.67,59.1061193187618,,5,60.65248337421867,S
2022-08-10,60.48,59.41142613681475,,5,69.03387716882975,S
2022-08-11,60.51,59.65555366196703,,5,69.33626907511052,S
2022-08-12,60.28,59.79431951486323,,5,63.40280400486473,S
2022-08-16,59.73,59.78002628933808,,5,50.488162561398504,S
2022-08-17,59.36,59.68668711392962,,5,43.10488164562065,S
2022-08-18,58.91,59.51408997750081,,5,35.264778296442856,S
2022-08-19,57.79,59.13095887138951,,5,22.520994083503297,S
2022-08-22,56.98,58.65296801108072,,5,16.975340332064874,S
2022-08-23,57.08,58.303419564173886,,5,20.01482318242168,S
2022-08-24,57.34,58.08932632769081,,5,28.51960012338583,S
2022-08-25,57.85,58.036142699315086,,5,43.30154246036593,S
2022-08-26,57.59,57.936999877245064,,5,38.2595973801308,S
2022-08-29,56.31,57.57544434896839,,5,22.288768591895945,S
2022-08-30,56.41,57.316456715864305,,5,25.332583412328816,S
2022-09-01,54.49,56.688355223450024,,5,13.05777300624213,S
2022-09-02,54.55,56.21316517379447,,5,14.672811150382202,S
2022-09-05,55.23,55.99468402406237,,5,32.44941562139856,S
2022-09-06,55.69,55.92697646315963,,5,42.567098458608534,S
2022-09-07,55.31,55.789870582457496,,5,36.865372326277026,S
2022-09-08,56.21,55.88323267524473,,5,54.792529872222126,S
2022-09-09,56.71,56.06695874741257,,5,62.23863271872919,S
2022-09-12,57.37,56.35652347020978,,5,70.3080400239295,S
2022-09-13,58.83,56.906184921274274,,5,81.33635760433584,S
2022-09-14,58.18,57.18925493876889,,5,67.4039476749586,S
2022-09-15,58.1,57.391642730153585,,5,65.67326760366018,S
2022-09-16,57.04,57.313499901230564,,5,46.078007188594356,S
2022-09-19,57.94,57.45272214540155,,5,59.046740161863,S
2022-09-20,57.9,57.552117224201204,,5,58.26818285783332,S
2022-09-21,58.24,57.70498006326761,,5,63.39620312121223,S
2022-09-22,59.19,58.034984493652594,,5,74.3882113967845,S
2022-09-23,58.53,58.14498793950757,,5,59.00154220259344,S
2022-09-26,57.18,57.930546175172566,,5,38.59186570585396,S
2022-09-27,56.98,57.7193136918009,,5,36.268545161632126,S
2022-09-28,55.93,57.32168842695626,,5,25.997506401651222,S
2022-09-29,57.26,57.307979887632655,,5,48.90709112946484,S
2022-09-30,58.29,57.52620657926985,,5,60.688267207894874,S
2022-10-03,58.84,57.81816067276544,,5,65.93168171851651,S
2022-10-04,62.19,58.789680523262014,,5,83.09692285092284,S
2022-10-06,61.79,59.45641818475935,,5,77.28500273167924,S
2022-10-07,62.78,60.1949919214795,,5,81.32576064494793,S
2022-10-10,60.44,60.24943816115073,,5,53.30800899642034,S
2022-10-11,59.43,60.067340792006135,,5,44.95247379339561,S
2022-10-12,59.17,59.86793172711589,,5,42.79409509795137,S
2022-10-13,58.91,59.65505800997903,,5,40.371088897326025,S
2022-10-14,57.94,59.273934007761476,,5,31.937998225990967,S
2022-10-17,57.54,58.88861533937005,,5,28.833367548359547,S
2022-10-18,57.91,58.671145263954486,,5,36.024059394712964,S
2022-10-19,57.76,58.46866853863128,,5,34.26937123326894,S
2022-10-20,57.71,58.300075530046556,,5,33.587697918975195,S
2022-10-21,57.32,58.08228096781399,,5,28.13173626164415,S
2022-10-24,59.03,58.292885197188674,,5,61.980342370376974,S
2022-10-25,58.94,58.43668848670231,,5,60.11756301754557,S
2022-10-27,59.66,58.70853548965735,,5,69.33402477084607,S
2022-10-28,59.04,58.78219426973351,,5,55.52303149824488,S
2022-10-31,58.96,58.82170665423718,,5,53.79470286117116,S
2022-11-01,60.5,59.19466073107338,,5,73.58219180885126,S
2022-11-02,60.32,59.44473612416819,,5,69.2493163573346,S
2022-11-03,59.14,59.37701698546415,,5,46.71027555292584,S
2022-11-04,60.69,59.668790988694354,,5,65.2703593591182,S
2022-11-07,62.32,60.257948546762286,,5,76.17713478846277,S
2022-11-09,62.86,60.83618220303733,,5,78.9187617728902,S
2022-11-10,62.55,61.21703060236238,,5,72.89855716068946,S
2022-11-11,63.52,61.72880157961519,,5,79.1265187907586,S
2022-11-14,63.3,62.077956784145144,,5,74.2867372451345,S
2022-11-15,63.93,62.489521943224,60.83486992990049,5,78.9052833026033,B
2022-11-16,63.93,62.80962817806311,60.87115301599908,5,78.9052833026033,B
2022-11-17,62.94,62.83859969404908,60.89536733306246,5,54.75637696858843,B
2022-11-18,63.22,62.92335531759373,60.922533270730966,5,59.17374677404996,B
2022-11-21,62.26,62.77594302479513,60.93813913137565,5,41.7175850224607,B
2022-11-22,63.04,62.83462235261844,60.962626991530215,5,55.15384229833334,B
2022-11-23,63.03,62.87803960759212,60.986677015122766,5,54.95082623162589,B
2022-11-24,63.64,63.047364139238326,61.01749783133241,5,64.82371875562063,B
2022-11-25,63.36,63.11683877496315,61.04466840632832,5,57.58287563996224,B
2022-11-28,63.83,63.27531904719357,61.07692866952519,5,65.6366661265024,B
2022-11-29,63.55,63.33635925892833,61.10553137298281,5,57.50573224729882,B
2022-11-30,63.75,63.428279423610924,61.136073232248016,5,61.73774049766087,B
2022-12-01,64.93,63.76199510725294,61.1798294411772,5,77.94017432634953,B
2022-12-02,66.26,64.31710730564119,61.23833938969726,5,86.18332017516063,B_N_Y
2022-12-05,67.25,64.96886123772093,61.30748322316551,5,89.74783278577924,B_N_Y
2022-12-06,66.38,65.28244762933849,61.365746764462386,5,69.93007462057281,B
2022-12-07,66.07,65.45745926726327,61.41970841015335,5,63.6681840795096,B
2022-12-08,66.94,65.786912763427,61.482947302754646,5,72.35294592837911,B
2022-12-09,67.64,66.19870992710989,61.553388933895434,5,77.71142871444117,B
2022-12-12,68.46,66.70121883219659,61.632304431029034,5,82.63865201979024,B_N_Y
2022-12-13,68.43,67.0853924250418,61.70987663965335,5,81.81156325558479,B_N_Y
2022-12-14,69.18,67.55086077503252,61.795015076765,5,86.14494669507408,B_N_Y
2022-12-15,67.89,67.62622504724752,61.86439442485891,5,56.96527490293136,B
2022-12-16,67.18,67.52706392563697,61.92482770308525,5,46.19907322390544,B
2022-12-19,68.66,67.77882749771764,62.001307021814334,5,63.95136747649526,B
2022-12-20,69.37,68.13242138711374,62.08487957121888,5,69.90595797913284,B
2022-12-21,69.86,68.51632774553292,62.172956896991415,5,73.65945145189315,B
2022-12-22,69.22,68.67269935763673,62.25269273701231,5,61.197579271596446,B
2022-12-23,69.12,68.77209950038413,62.330304678427886,5,59.24008489379352,B
2022-12-26,68.91,68.80274405585433,62.40458075794736,5,54.65131574579294,B
2022-12-27,70.29,69.1332453767756,62.49349569525685,5,72.28555002100066,B
2022-12-28,69.24,69.15696862638103,62.56948300138436,5,52.76939510514525,B
2022-12-29,69.12,69.14875337607414,62.643180987880946,5,50.8096876186488,B
2022-12-30,69.55,69.23791929250213,62.72080236451124,5,57.82519992669138,B
2023-01-02,70.15,69.44060389416833,62.80420384353831,5,66.22653393893867,B
2023-01-03,71.35,69.8649141399087,62.90003753890924,5,77.45439657937268,B
2023-01-04,71.33,70.19048877548457,62.994471984700716,5,76.92164008093297,B
2023-01-05,69.52,70.04149126982134,63.06749583092162,5,43.26032621931865,B
2023-01-06,69.53,69.92782654319439,63.13973940593037,5,43.43128455565968,B
2023-01-09,70.76,70.11275397804009,63.224838041909116,5,61.34045053088077,B
2023-01-10,69.67,70.0143642051423,63.29674086913569,5,45.41396735006229,B
2023-01-11,70.4,70.10006104844402,63.375906023043484,5,55.16031418043944,B
2023-01-12,69.86,70.0467141487898,63.44809897935107,5,47.34393536554704,B
2023-01-13,70.04,70.04522211572541,63.52142027358332,5,50.279573186182375,B
2023-01-16,70.76,70.20406164556422,63.601856458241265,5,61.118125431931844,B
2023-01-17,70.51,70.27204794654996,63.678547173606425,5,55.83533837673759,B
2023-01-18,70.78,70.38492618064998,63.75730914922232,5,60.45031853426624,B
2023-01-19,69.22,70.12605369606112,63.817838852456084,5,34.4508073828178,B
2023-01-20,70.13,70.12693065249199,63.887716300951496,5,50.100055005114,B
2023-01-23,70.09,70.11872384082712,63.95631440094613,5,49.45137118442075,B
2023-01-24,69.84,70.05678520953221,64.02132973841441,5,44.90866129095887,B
2023-01-25,69.71,69.97972182963618,64.0841337494548,5,42.37823942632544,B
2023-01-27,69.97,69.97756142305036,64.14905719602419,5,49.49291548744334,B
2023-01-30,69.77,69.93143666237252,64.21100403520958,5,44.24054084757879,B
2023-01-31,69.41,69.81556184851196,64.26825100090946,5,35.71303643046778,B
2023-02-01,71.18,70.11877032662042,64.34429205112657,5,70.57305012860832,B
2023-02-02,72.75,70.7034880318159,64.4366907170617,5,81.62229049574947,B_N_Y
2023-02-03,71.25,70.8249351358568,64.51152227995817,5,56.352486423400315,B
2023-02-06,69.43,70.51494955011086,64.56549778717309,5,38.34672425820006,B
2023-02-07,69.35,70.25607187230844,64.61795993317027,5,37.685122022487384,B
2023-02-08,69.53,70.09472256735101,64.67177679514684,5,40.568983419769175,B
2023-02-09,69.2,69.8958953301619,64.72134866927325,5,36.67896907257588,B
2023-02-10,68.66,69.62125192345927,64.76443206338882,5,30.664667849798704,B
2023-02-13,68.04,69.269862607135,64.80023409067188,5,24.82307180692601,B
2023-02-14,68.03,68.99433758332722,64.83550806694421,5,24.728098338397714,B
2023-02-15,67.16,68.58670700925451,64.86087555508752,5,17.46236915635164,B
2023-02-16,67.24,68.28743878497573,64.88681951565097,5,20.158842065203658,B
2023-02-17,66.62,67.91689683275892,64.90570535106326,5,15.312603279719653,B
2023-02-20,67.71,67.87091975881249,64.9362399982545,5,44.58734213606709,B
2023-02-21,67.54,67.79738203463195,64.96457025982603,5,41.77223823023416,B
2023-02-22,67.61,67.75574158249152,64.99333296378508,5,43.60490419749199,B
2023-02-23,66.89,67.5633545641601,65.0139398255943,5,31.042878590604076,B
2023-02-24,66.31,67.28483132768008,65.02801120286816,5,24.0626044427043,B
2023-02-27,65.21,66.82375769930674,65.02998567101679,5,15.695686450756412,B
2023-02-28,64.65,66.34070043279414,65.0258659287011,5,12.851907547985846,B
2023-03-01,65.97,66.2583225588399,65.03609502194607,5,43.183076350070856,B
2023-03-02,65.52,66.0942508790977,65.04133425158057,5,37.60565993434179,B
2023-03-03,65.69,66.00441735040933,65.04835260756327,5,41.192395833441125,B
2023-03-06,66.02,66.00788016142948,65.05885851006165,5,48.39109289545449,B
2023-03-08,63.75,65.50612901444515,65.04471586116817,5,23.576095786067526,B
2023-03-09,63.49,65.05810034456846,65.02792760582703,5,21.963561122491512,B
2023-03-10,63.62,64.73852249021992,65.01273422583391,5,25.162715584467136,S
2023-03-13,65.28,64.85885082572662,65.01561653117606,5,54.76342959891365,S
2023-03-14,67.29,65.39910619778738,65.04012893400885,5,71.70349168802588,B
2023-03-15,67.54,65.87486037605686,65.06705471551392,5,73.26030230101544,B
2023-03-16,68.56,66.47155807026645,65.1046535104279,5,79.11924561469121,B
2023-03-17,68.25,66.86676738798504,65.1384899736948,5,73.03941313483716,B
2023-03-20,69.89,67.5385968573217,65.1895740213128,5,82.1235396305527,B_N_Y
2023-03-21,69.61,67.99890866680579,65.23707010280009,5,76.61434493602873,B
2023-03-22,69.65,68.36581785196007,65.28445756892323,5,76.89117313838321,B
2023-03-23,70.61,68.86452499596895,65.34161146871494,5,82.94709661979122,B_N_Y
2023-03-24,71.35,69.41685277464252,65.40605633386993,5,86.38498077871287,B_N_Y
2023-03-27,70.84,69.73310771361086,65.46430640133046,5,73.60202867486178,B
2023-03-28,70.83,69.97686155503068,65.52179223430592,5,73.33604789221577,B
2023-03-29,71.49,70.31311454280164,65.58569728593025,5,79.45981617743924,B
2023-03-31,73.35,70.98797797773463,65.66878802495984,5,88.64584810115633,B_N_Y
2023-04-03,73.13,71.46398287157139,65.74859135724509,5,83.14797097060809,B_N_Y
2023-04-05,75.5,72.36087556677775,65.85283343031313,5,90.81715887943456,B_N_Y
2023-04-06,75.92,73.15179210749382,65.96039310872649,5,91.65811324164146,B_N_Y
2023-04-10,75.81,73.7425049724952,66.06557238767164,5,88.99008521254541,B_N_Y
2023-04-11,76.09,74.26417053416294,66.17256219170186,5,89.92336205231706,B_N_Y
2023-04-12,76.52,74.76546597101563,66.28294198771492,5,91.33358129253482,B_N_Y
2023-04-13,77.38,75.34647353301216,66.40125730801788,5,93.5798287636616,B_N_Y
2023-04-17,77.38,75.7983683034539,66.51825154863651,5,93.5798287636616,B_N_Y
2023-04-18,76.11,75.86761979157527,66.62041387241507,5,58.5584720956968,B
2023-04-19,75.46,75.77703761566964,66.71451793019892,5,47.24646458959824,B
2023-04-20,76.91,76.02880703440972,66.82300298831551,5,65.7146214764108,B
2023-04-21,76.28,76.0846276934298,66.92358108979556,5,55.21625979842184,B
2023-04-24,76.03,76.07248820600095,67.02038392591416,5,51.161957352068036,B
2023-04-25,76.32,76.12749082688964,67.11919326172637,5,55.86129595030432,B
2023-04-26,76.18,76.13915953202529,67.21541972761545,5,52.7956854709184,B
2023-04-27,76.07,76.12379074713078,67.30941208359457,5,50.095584082455176,B
2023-04-28,75.43,75.96961502554618,67.39557315126919,5,36.514275224044546,B
2023-05-02,75.59,75.88525613098035,67.48247786973617,5,41.4727732949474,B
2023-05-03,76.92,76.11519921298473,67.58252071630095,5,67.69219773905118,B
2023-05-04,77.96,76.52515494343257,67.6924783285213,5,77.53097529010991,B
2023-05-05,78.65,76.9973427337809,67.80853047921812,5,82.06147594213799,B_N_Y
2023-05-08,78.01,77.22237768182958,67.91652781955017,5,66.51237370988433,B
2023-05-09,77.97,77.38851597475636,68.02291220515006,5,65.54213937680666,B
2023-05-10,77.99,77.52217909147717,68.12833719620215,5,65.8534550428389,B
2023-05-11,76.64,77.32613929337114,68.21832945479993,5,37.367882969839236,B
2023-05-12,73.92,76.56921945039979,68.27858683745065,5,17.88441487271733,B
2023-05-15,74.26,76.05605957253317,68.34177435287309,5,24.070268782483836,B
2023-05-16,73.74,75.5413796675258,68.39877762049957,5,21.040164118021607,B
2023-05-17,73.39,75.06329529696451,68.45146162342526,5,19.025144126323852,B
2023-05-18,73.21,74.65145189763906,68.50166933370637,5,17.92176326598519,B
2023-05-19,73.84,74.47112925371928,68.55797202457711,5,34.53287859512075,B
2023-05-22,74.09,74.3864338640039,68.6162946028161,5,40.50540102213486,B
2023-05-23,72.61,73.99167078311416,68.658382656658,5,24.1809267214948,B
2023-05-24,72.94,73.75796616464434,68.7034874740357,5,31.837493233856634,B
2023-05-25,72.24,73.42064035027894,68.74072872869057,5,25.113137562812483,B
2023-05-26,72.29,73.16938693910586,68.77809020854761,5,26.499209585604106,B
2023-05-29,72.66,73.05618984152679,68.81893792816072,5,37.24356064508917,B
2023-05-30,72.53,72.93925876563195,68.85797343357719,5,34.99674482710758,B
2023-05-31,72.66,72.8772012621582,68.89795111817658,5,39.554883268984035,B
2023-06-01,72.85,72.87115653723416,68.93949120235447,5,46.41898349760825,B
2023-06-02,74.13,73.15089952895991,68.99402920454015,5,72.61087723517434,B
2023-06-05,73.19,73.15958852252439,69.03810169735038,5,50.12041051259881,B
2023-06-06,73.13,73.15301329529674,69.08106597102397,5,48.91164390579955,B
2023-06-07,73.22,73.16789922967527,69.12450901341637,5,51.12190401823785,B
2023-06-08,73.47,73.23503273419189,69.17010443652624,5,57.505452731443036,B
2023-06-09,75.27,73.68724768214926,69.2340863216422,5,80.4659843119343,B_N_Y
2023-06-12,74.78,73.93008153056056,69.29223790212954,5,67.96929226663843,B
2023-06-13,74.72,74.10561896821378,69.34913164940166,5,66.39110753857418,B
2023-06-14,74.07,74.09770364194405,69.39859943377746,5,50.50961635822936,B
2023-06-15,72.74,73.79599172151205,69.43360099736738,5,31.33684396616269,B
2023-06-16,73.98,73.83688245006495,69.4812096915125,5,52.39577771728881,B
2023-06-19,74.33,73.9464641278283,69.53196873274095,5,57.04405731498814,B
2023-06-20,74.05,73.96947209942203,69.57925031231815,5,51.96953038814136,B
2023-06-21,71.92,73.51403385510604,69.603738795893,5,28.15410138720833,B
2023-06-22,70.67,72.88202633174915,69.61489036861397,5,21.070856843434527,B
2023-06-23,70.08,72.25935381358268,69.61975326309516,5,18.347418517728357,B
2023-06-26,71.07,71.99505296611986,69.63491153874925,5,35.76223702997865,B
2023-06-27,71.34,71.84948564031546,69.65272812869563,5,40.11631435592974,B
2023-06-28,71.08,71.67848883135647,69.66763736858069,5,37.09020537825027,B
2023-06-30,70.2,71.34993575772171,69.67319678020921,5,28.116933459581844,B
2023-07-03,71.01,71.274394478228,69.68715283143842,5,43.7692275589431,B
2023-07-04,71.69,71.36675126084401,69.70805628308254,5,54.22808793666404,B
2023-07-05,71.48,71.39191764732313,69.72654456440178,5,50.595293447702325,B
2023-07-06,72.26,71.58482483680687,69.75297093983482,5,62.31610419770026,B
2023-07-07,71.35,71.53264153973869,69.76962484698826,5,46.29807540017565,B
2023-07-10,72.2,71.68094341979676,69.79496194594186,5,58.69467041723688,B
2023-07-11,72.66,71.89851154873082,69.82482233519123,5,64.2735984290571,B
2023-07-12,72.32,71.99217564901286,69.85082089423513,5,57.142812832551485,B
2023-07-13,74.94,72.64724772701001,69.90383354186135,5,79.28257438121848,B
2023-07-14,76.53,73.51008156545224,69.97283833611888,5,85.11552830590512,B_N_Y
2023-07-17,76.41,74.15450788424063,70.03985729852087,5,82.91325676526293,B_N_Y
2023-07-18,76.59,74.6957283544094,70.1080348795318,5,83.70384176941815,B_N_Y
2023-07-19,77.08,75.22556649787397,70.18058443328655,5,85.9205501017742,B_N_Y
2023-07-20,77.33,75.69321838723532,70.25496165513854,5,87.04446306239674,B_N_Y
2023-07-21,76.07,75.77694763451636,70.31544182615045,5,57.9174043045374,B
2023-07-24,75.67,75.75318149351274,70.37111887647026,5,51.128247390528216,B
2023-07-25,75.74,75.75025227273214,70.42693114012314,5,52.350094489708376,B
2023-07-26,76.05,75.81686287879167,70.48537160093468,5,58.14305001620826,B
2023-07-27,76.98,76.07533779461575,70.55285392256022,5,71.25011660715242,B
2023-07-28,75.05,75.84748495136782,70.59957031166326,5,39.31451010154508,B
2023-07-31,75.22,75.70804385106385,70.6475560605171,5,42.16852028886876,B
2023-08-01,76.09,75.7929229952719,70.70406570521898,5,55.54333753213942,B
2023-08-02,75.57,75.74338455187815,70.75457771004152,5,47.36001791384706,B
2023-08-03,73.88,75.32929909590524,70.7870144996996,5,29.62710370178847,B
2023-08-04,73.74,74.97612151903742,70.81765474918241,5,28.52127333963756,B
2023-08-07,73.64,74.679205625918,70.84693292155328,5,27.601432040399573,B
2023-08-08,72.85,74.27271548682512,70.86770754530832,5,20.934294347067436,B
2023-08-09,72.04,73.77655648975289,70.87986320380293,5,15.985477652612332,B
2023-08-10,72.02,73.38621060314115,70.89168287283819,5,15.869688881710232,B
2023-08-11,71.82,73.03816380244312,70.90130456651578,5,14.552109491332914,B
2023-08-14,71.89,72.7830162907891,70.91154988507597,5,17.54707951949169,B
2023-08-16,72.15,72.6423460039471,70.92438058023383,5,29.086988540642906,B
2023-08-17,71.69,72.43071355862553,70.93231096549185,5,22.21192112296717,B
2023-08-18,72.22,72.38388832337542,70.94564627052493,5,41.967085049673095,B
2023-08-21,72.34,72.37413536262532,70.96008325391158,5,45.85854783372469,B
2023-08-22,73.63,72.65321639315304,70.98772170282476,5,71.52048888882788,B
2023-08-23,74.08,72.97027941689682,71.01972596938084,5,76.39839984264435,B
2023-08-24,75.15,73.45466176869753,71.06246477971298,5,84.36023082863551,B_N_Y
2023-08-25,75.1,73.82029248676476,71.10423579479883,5,82.73006748283078,B_N_Y
2023-08-28,75.17,74.12022748970593,71.14629072479575,5,83.29497649616235,B_N_Y
2023-08-29,75.12,74.34239915866017,71.18738560377984,5,80.93130888020157,B_N_Y
2023-08-30,76.03,74.71742156784681,71.23745694832465,5,88.41216496575309,B_N_Y
2023-08-31,75.89,74.97799455276974,71.28555398995678,5,82.20988835915412,B_N_Y
2023-09-01,76.13,75.23399576326537,71.33562559637448,5,84.53471350423715,B_N_Y
2023-09-04,75.2,75.2264411492064,71.37555996980339,5,51.76699074614533,B
2023-09-05,73.9,74.93167644938275,71.40164274709664,5,30.86327185673757,B
2023-09-06,73.68,74.6535261272977,71.425178739268,5,28.4344028653841,B
2023-09-07,73.0,74.2860758767871,71.44144413654986,5,21.80453116625526,B
2023-09-08,72.74,73.9425034597233,71.45485379019165,5,19.61829660199696,B
2023-09-11,73.14,73.76416935756257,71.47225257103082,5,32.61190663293711,B
2023-09-12,73.01,73.59657616699312,71.48812675201425,5,30.602260877047698,B
2023-09-13,72.69,73.39511479655022,71.50053158289465,5,25.724628444950966,B
2023-09-14,71.87,73.05620039731684,71.50434431354542,5,17.03009192635193,B
2023-09-15,73.34,73.11926697569089,71.52328420184723,5,52.787583750836056,B
2023-09-18,73.65,73.23720764775959,71.54522355300618,5,57.60401674849589,B
2023-09-20,73.82,73.36671705936858,71.56868646541635,5,60.37501139395757,B
2023-09-21,73.62,73.42300215728669,71.58984106696118,5,55.08078862326541,B
2023-09-22,74.48,73.65789056677855,71.61964165703128,5,69.47029874632383,B
2023-09-25,74.31,73.8028037741611,71.6473776883728,5,64.37476126281318,B
2023-09-26,73.26,73.68218071323642,71.66400027544101,5,41.10007487164368,B
2023-09-27,72.6,73.441696110295,71.6736468725174,5,32.007537105874874,B
2023-09-28,72.03,73.12798586356277,71.67731895269121,5,25.836970746364642,B
2023-09-29,73.16,73.13510011610438,71.692595076403,5,49.8130129412682,B
2023-10-03,69.84,72.40285564585896,71.67351059037617,5,22.77376745961466,B
2023-10-04,70.05,71.87999883566809,71.65678851044034,5,25.951794022442385,B
2023-10-05,71.24,71.7377768721863,71.65249624292717,5,42.664714105038044,B
2023-10-06,71.3,71.64049312281158,71.64886661531993,5,43.468869113086434,S
2023-10-09,71.5,71.60927242885346,71.64733396853357,5,46.590116403133976,S
2023-10-10,71.76,71.6427674446638,71.64849374848217,5,50.98755921987363,S
2023-10-11,71.9,71.69993023473852,71.65108237775226,5,53.56106709595759,B
2023-10-12,71.74,71.70883462701885,71.6519974344855,5,49.823769249072996,B
2023-10-13,71.62,71.68909359879245,71.65166819260556,5,46.76464307293536,B
2023-10-16,72.38,71.84262835461637,71.65916143091766,5,64.17720402013327,B
2023-10-17,72.5,71.9887109424794,71.66781098782502,5,66.3495595282127,B
2023-10-18,73.44,72.31121962192843,71.68603872887614,5,78.88644039563407,B
2023-10-19,72.95,72.45317081705545,71.69903739393831,5,63.47681410459731,B
2023-10-20,73.4,72.66357730215425,71.7165279059449,5,70.16668462974738,B
2023-10-23,73.67,72.88722679056443,71.73661228119957,5,73.77004623907771,B
2023-10-25,72.69,72.84339861488345,71.74641315077342,5,47.65514266198923,B
2023-10-26,73.08,72.89597670046491,71.76012073358064,5,55.4928140597618,B
2023-10-27,72.72,72.85687076702827,71.76998582859548,5,47.317848576068975,B
2023-10-30,73.46,72.99089948546643,71.78735266286328,5,61.78353202981313,B
2023-10-31,73.56,73.1173662664739,71.80556639169495,5,63.477533741793074,B
2023-11-01,72.42,72.96239598503526,71.81187884603267,5,38.90383334507475,B
2023-11-02,73.26,73.02853021058299,71.82675448037706,5,54.96249328836831,B
2023-11-03,72.49,72.90885683045344,71.83356676481154,5,42.24070982753505,B
2023-11-06,73.28,72.99133309035268,71.84842151069574,5,55.46164381451535,B
2023-11-07,72.65,72.91548129249654,71.85665268513648,5,45.15785275025021,B
2023-11-08,72.01,72.71426322749731,71.85822718043649,5,36.538021386340354,B
2023-11-09,71.87,72.52664917694236,71.85834804406853,5,34.72554391137059,B
2023-11-10,72.36,72.48961602651073,71.86349758052495,5,46.36546793614243,B
2023-11-12,71.77,72.3297013539528,71.86253792143295,5,36.55446758287212,B
2023-11-13,71.49,72.1431010530744,71.85871461962412,5,32.47766672437375,B
2023-11-15,73.73,72.49574526350233,71.87791722262087,5,68.07858380678897,B
2023-11-16,73.86,72.79891298272405,71.89825457167478,5,69.25456332305232,B
2023-11-17,74.82,73.2480434310076,71.92823017213954,5,77.05667091052949,B
2023-11-20,74.14,73.44625600189481,71.95091935701862,5,62.9194543868382,B
2023-11-21,74.1,73.5915324459182,71.97296311330435,5,62.08196328451211,B
2023-11-22,74.79,73.85785856904751,72.0018552604832,5,70.53784465116811,B
2023-11-23,74.61,74.02500110925918,72.02860218412395,5,65.75613969623745,B
2023-11-24,74.39,74.10611197386825,72.05281618941616,5,59.58509856706526,B
2023-11-28,76.03,74.53364264634199,72.09359447130359,5,78.43948588159607,B
2023-11-29,76.75,75.02616650271044,72.14133203988231,5,82.83422401695275,B_N_Y
2023-11-30,77.27,75.52479616877478,72.19390600938779,5,85.50206997266936,B_N_Y
2023-12-01,77.88,76.04817479793596,72.25218839918288,5,88.19285352371438,B_N_Y
2023-12-04,77.81,76.43969150950575,72.30915033080356,5,85.90581466593824,B_N_Y
2023-12-05,76.38,76.4264267296156,72.35086837665551,5,51.68204476915351,B
2023-12-06,75.75,76.27610967858992,72.3856993258453,5,42.38347115558814,B
2023-12-07,75.56,76.11697419445883,72.41822334816985,5,39.691344311829745,B
2023-12-08,75.16,75.90431326235687,72.4463130769428,5,34.00696248678021,B
2023-12-11,73.07,75.27446587072201,72.45270220819883,5,17.571291767181805,B
2023-12-12,72.95,74.75791789945046,72.45779612462734,5,16.98223203849784,B
2023-12-13,72.37,74.22726947735036,72.45689689387133,5,14.121959781600935,B
2023-12-14,75.33,74.47232070460585,72.48632131607357,5,58.60202579863582,B
2023-12-15,75.6,74.72291610358232,72.51820671472731,5,60.91050227937171,B
2023-12-18,75.28,74.84671252500847,72.54648616409027,5,56.26254660686236,B
2023-12-19,75.24,74.93410974167327,72.57406405847901,5,55.59962573790487,B
2023-12-20,75.32,75.01986313241254,72.60217625606802,5,56.87008548996842,B
2023-12-21,76.05,75.24878243632087,72.63747118703348,5,67.48287050955051,B
2023-12-22,76.14,75.44683078380511,72.67332309416014,5,68.67090297726789,B
2023-12-26,75.96,75.56086838740397,72.70696272341797,5,62.92353224794392,B
2023-12-27,75.9,75.63623096798086,72.73964122916804,5,60.803163532883296,B
2023-12-28,76.02,75.72151297509623,72.77321065613869,5,63.848689764975525,B
2023-12-29,74.97,75.55451009174153,72.79568959171677,5,34.516074304630976,B
2024-01-01,75.2,75.47573007135453,72.82029003727604,5,41.83293070890115,B
2024-01-02,75.76,75.53890116660908,72.85036619716033,5,56.593796487721555,B
2024-01-03,74.32,75.26803424069595,72.86540083082889,5,31.169499426151233,B
2024-01-04,73.37,74.84624885387464,72.87056257428975,5,22.743682258318984,B
2024-01-05,73.26,74.49374910856918,72.87454597580364,5,21.887326897686776,B
2024-01-08,73.0,74.16180486222048,72.87582909750662,5,19.696205300767758,B
2024-01-09,73.53,74.02140378172703,72.88251933710512,5,36.01728706503619,B
2024-01-10,73.19,73.8366473857877,72.88566372262414,5,30.969908738880648,B
2024-01-11,73.03,73.65739241116823,72.88713963760553,5,28.611362075069792,B
2024-01-12,72.86,73.4801940975753,72.88686214074372,5,25.98328797643866,B
2024-01-15,73.62,73.51126207589192,72.89435777167937,5,51.08929627472078,B
2024-01-16,73.32,73.4687593923604,72.89870924268318,5,43.76461593527084,B
2024-01-17,72.66,73.289035082947,72.89626901821643,5,31.388956948775828,B
2024-01-18,72.5,73.11369395340323,72.89221841099202,5,28.911522170742074,B
2024-01-19,72.69,73.01953974153585,72.89015150610886,5,36.366629559707555,B
2024-01-20,72.67,72.94186424341679,72.88790145930838,5,35.87164417100303,B
2024-01-23,71.92,72.71478330043529,72.87800974798697,5,21.89946565918588,S
2024-01-24,72.75,72.7226092336719,72.87670160856948,5,49.24631363283309,S
2024-01-25,72.88,72.7575849595226,72.8767353127819,5,52.50243012768153,S
2024-01-29,73.11,72.83589941296204,72.87911874213995,5,58.40412918785424,S
2024-01-30,73.19,72.91458843230382,72.88229502679648,5,60.536084076967704,B
2024-01-31,73.1,72.95579100290297,72.88451918208683,5,56.46622754786608,B
2024-02-01,72.37,72.82561522448009,72.87926299888164,5,33.57806889730223,S
2024-02-02,73.14,72.89547850792897,72.88192644577309,5,56.71262635046436,B
2024-02-05,71.91,72.67648328394476,72.87199877177113,5,33.449637477373045,S
2024-02-06,71.53,72.42170922084594,72.85829187196167,5,28.87554954211504,S
2024-02-07,71.32,72.17688494954686,72.8425810411238,5,26.38331889562791,S
2024-02-08,71.47,72.01979940520312,72.82856349599105,5,31.6504666916191,S
2024-02-09,72.16,72.05095509293577,72.8217361728711,5,51.57332891290302,S
2024-02-12,72.31,72.10852062783894,72.81651067095426,5,55.1275780766951,S
2024-02-13,72.43,72.1799604883192,72.81256411972247,5,58.195776318058556,S
2024-02-14,70.52,71.81108037980383,72.78915676314811,5,24.655067505594914,S
2024-02-15,71.81,71.81084029540298,72.77916003250309,5,49.316325229165756,S
2024-02-16,72.72,72.01287578531343,72.77855607093291,5,60.66818173137204,S
2024-02-19,72.58,72.13890338857712,72.77652913759961,5,58.16298331820584,S
2024-02-20,72.39,72.19470263555999,72.77258352741183,5,54.35531800158719,S
2024-02-21,72.31,72.22032427210222,72.7678618317107,5,52.54485888246356,S
2024-02-22,72.37,72.2535855449684,72.763800988257,5,53.98182763613168,S
2024-02-23,71.47,72.07945542386433,72.7505963097866,5,34.432440896172565,S
2024-02-26,71.59,71.97068755189449,72.73875177082438,5,38.16469181244801,S
2024-02-27,71.4,71.84386809591794,72.7250897829451,5,34.300452341702766,S
2024-02-28,70.79,71.60967518571395,72.70534319538504,5,24.38988897066463,S
2024-02-29,70.99,71.47196958888864,72.68783992139439,5,32.39533170795201,S
2024-03-01,71.47,71.47153190246895,72.67541378728538,5,48.69237007168563,S
2024-03-02,72.11,71.6134137019203,72.6696449270625,5,63.39804674989977,S
2024-03-04,72.25,71.7548773237158,72.66536354862022,5,66.05813949436866,S
2024-03-05,73.81,72.21157125177896,72.67704098353366,5,83.13260480732521,S
2024-03-06,73.32,72.45788875138363,72.68360004406648,5,69.42111756634907,S
2024-03-07,73.87,72.77169125107616,72.69570235075372,5,75.16766887285722,B
2024-03-11,74.61,73.18020430639258,72.71522889546816,5,81.13125752570673,B_N_Y
2024-03-12,74.57,73.4890477938609,72.734147337678,5,79.8357912621602,B
2024-03-13,73.89,73.57814828411404,72.74593633472692,5,59.609637126435615,B
2024-03-14,75.04,73.90300422097759,72.76933329235345,5,73.69679303940406,B
2024-03-15,75.19,74.18900328298258,72.79402031235402,5,75.1120587079047,B
2024-03-18,75.21,74.41589144231979,72.81865839492411,5,75.3332610681116,B
2024-03-19,75.03,74.55236001069316,72.84120855479253,5,68.48545215767045,B
2024-03-20,75.2,74.6962800083169,72.86526124706039,5,71.53961421147996,B
2024-03-21,76.23,75.03710667313538,72.89957008938381,5,83.58659149585971,B_N_Y
2024-03-22,75.24,75.0821940791053,72.92343342310645,5,55.408065176318274,B
2024-03-26,75.34,75.13948428374857,72.9480719760149,5,57.22864404589133,B
2024-03-27,75.11,75.13293222069335,72.970113357687,5,51.21685246856643,B
2024-03-28,75.48,75.21005839387261,72.99570116282487,5,59.72459400542162,B
2024-04-01,76.82,75.56782319523425,73.03468748637754,5,77.49361043394791,B
2024-04-02,77.86,76.07719581851553,73.0838764451165,5,84.23942146517629,B_N_Y
2024-04-03,79.32,76.79781896995654,73.14744448247637,5,89.67173838767145,B_N_Y
2024-04-04,80.91,77.71163697663287,73.22656896884445,5,92.97019359125211,B_N_Y
2024-04-05,80.79,78.39571764849225,73.30366061350868,5,90.25106448900533,B_N_Y
2024-04-08,83.22,79.46778039327175,73.404730621021,5,94.39820277665045,B_N_Y
2024-04-09,83.89,80.4504958614336,73.5115950435321,5,95.11447930375972,B_N_Y
2024-04-10,84.02,81.24371900333723,73.6186910220081,5,95.2614324779816,B_N_Y
2024-04-12,85.84,82.26511478037341,73.74323911248308,5,96.89556860028519,B_N_Y
2024-04-15,84.72,82.81064482917931,73.85509960151073,5,76.58058470909438,B
2024-04-16,85.13,83.3260570893617,73.96999392062328,5,78.63070183061637,B
2024-04-18,85.11,83.72248884728133,74.08350931735919,5,78.21321869623078,B
2024-04-19,84.56,83.90860243677437,74.19025955352063,5,66.14163108162734,B
2024-04-22,83.39,83.79335745082452,74.28399685015464,5,46.895338225202856,B
2024-04-23,81.58,83.30150023953018,74.35833399275083,5,30.009225046624906,B
2024-04-24,82.17,83.05005574185682,74.4379221924755,5,38.96426723037394,B
2024-04-25,82.44,82.91448779922199,74.51944743695762,5,43.126787484088375,B
2024-04-26,83.09,82.953490510506,74.60676118833062,5,52.81115292046465,B
2024-04-29,82.69,82.8949370637269,74.68910744808375,5,46.69484932016708,B
2024-04-30,81.54,82.59383993845428,74.75889700222098,5,32.97172679965438,B
2024-05-02,81.58,82.36854217435334,74.8283806850686,5,33.817394968531545,B
2024-05-03,81.63,82.20442169116372,74.8976635200876,5,35.096857880458316,B
2024-05-06,82.91,82.36121687090511,74.97927622427721,5,59.90252274532056,B
2024-05-07,83.11,82.5276131218151,75.06209202502559,5,62.68778575114931,B
2024-05-08,83.02,82.63703242807841,75.14314490840853,5,60.330518902134735,B
2024-05-09,83.8,82.89546966628322,75.23131380574858,5,71.8130195599262,B
2024-05-10,86.05,83.59647640710918,75.34149707043728,5,86.20790361657991,B_N_Y
2024-05-13,85.14,83.93948164997381,75.44128702709467,5,68.51775022110061,B
2024-05-14,85.56,84.29959683886854,75.54433477898634,5,71.85029692112009,B
2024-05-15,86.14,84.70857531911999,75.6522363458618,5,76.19929335393131,B
2024-05-16,87.57,85.34444747042666,75.77359778288269,5,83.87637283900321,B_N_Y
2024-05-17,88.03,85.94123692144296,75.89840379401275,5,85.727506758976,B_N_Y
2024-05-18,91.58,87.19429538334454,76.05808340236653,5,93.22785865749334,B_N_Y
2024-05-21,94.36,88.78667418704576,76.24443906462889,5,95.52819418221632,B_N_Y
2024-05-22,94.49,90.05407992325783,76.43021531966771,5,95.61525408428058,B_N_Y
2024-05-23,91.4,90.35317327364498,76.58263310039034,5,60.57568729518885,B
2024-05-24,91.34,90.57246810172389,76.73288368910352,5,60.04163127900466,B
2024-05-27,92.42,90.98303074578526,76.89259577486065,5,66.65600350292175,B
2024-05-28,94.35,91.73124613561076,77.07032621603497,5,75.6571203518312,B
2024-05-29,96.01,92.68208032769726,77.26314185625782,5,81.13288756951478,B_N_Y
2024-05-30,94.32,93.04606247709789,77.43678456077326,5,63.07655255343912,B
2024-05-31,93.99,93.25582637107614,77.6052953589188,5,59.82669070254338,B
2024-06-03,91.74,92.91897606639256,77.74918187395825,5,41.57194211490325,B
2024-06-04,90.55,92.39253694052756,77.87948630775794,5,34.593615589087875,B
2024-06-05,90.19,91.903084287077,78.00479634903303,5,32.528785259387234,B
2024-06-06,92.14,91.95573222328211,78.14867624609411,5,51.94832938693514,B
2024-06-07,92.83,92.15001395144165,78.29811104172822,5,57.374733144180446,B
2024-06-10,90.75,91.83889974001018,78.42485006159004,5,40.248065176292585,B
2024-06-11,89.65,91.35247757556348,78.53909999586152,5,33.614867160483286,B
2024-06-12,90.03,91.05859366988273,78.65605173155024,5,38.025414708397726,B
2024-06-13,90.04,90.83223952101991,78.77191198432011,5,38.16056395107999,B
2024-06-14,89.56,90.54951962745994,78.88170509346037,5,33.74522934112801,B
2024-06-18,89.59,90.33629304357996,78.9906834067502,5,34.33876648810275,B
2024-06-19,90.19,90.30378347833998,79.10465603068845,5,46.3534549964882,B
2024-06-20,92.04,90.68960937204223,79.23629254760439,5,68.54009020397747,B
2024-06-21,92.38,91.06525173381063,79.37004623649854,5,71.2697371935427,B
2024-06-24,90.63,90.96852912629716,79.4846276254258,5,45.73743550414363,B
2024-06-25,90.49,90.86218932045335,79.59661573502193,5,44.15556736267861,B
2024-06-26,88.71,90.38392502701929,79.68934923598859,5,28.49356607626747,B
2024-06-27,88.54,89.97416390990391,79.77940719141355,5,27.336025844752015,B
2024-06-28,89.38,89.84212748548082,79.8770937785419,5,41.911423162424846,B
2024-07-01,88.99,89.65276582204065,79.96981601482138,5,37.541189853578686,B
2024-07-02,89.31,89.57659563936495,80.06484862061674,5,43.575596530452316,B
2024-07-03,90.78,89.8440188306172,80.17386853271104,5,63.70899930444303,B
2024-07-04,91.21,90.14757020159117,80.28615173507362,5,67.8974283553622,B
2024-07-05,91.92,90.54144349012647,80.40451360735165,5,74.07331271110529,B
2024-07-08,92.62,91.00334493676505,80.52879033180008,5,79.04215913621033,B
2024-07-09,92.89,91.42260161748393,80.65454690801728,5,80.81491155746329,B_N_Y
2024-07-10,93.17,91.8109123691542,80.78186997803915,5,82.71067391027877,B_N_Y
2024-07-11,93.45,92.17515406489771,80.91074356715974,5,84.61143769657602,B_N_Y
2024-07-12,93.21,92.40511982825379,81.0358619859478,5,75.69519981544332,B
2024-07-15,92.87,92.5084265330863,81.15624635246444,5,63.79124340431192,B
2024-07-16,93.39,92.704331747956,81.28069333037226,5,72.16097378116534,B
2024-07-18,93.08,92.78781358174356,81.4007185099329,5,61.557520276138405,B
2024-07-19,90.72,92.32829945246722,81.49551443002036,5,25.666978293291336,B
2024-07-22,89.9,91.78867735191896,81.58100334027023,5,20.480702465386784,B
2024-07-23,87.48,90.83119349593699,81.64100569739286,5,11.73406779813061,B
2024-07-24,86.43,89.85315049683989,81.68971658955192,5,9.527327693046914,B
2024-07-25,83.28,88.39245038643102,81.70589172700045,5,5.587105384290169,B
2024-07-26,83.09,87.21412807833524,81.7199695431136,5,5.418156915070327,B
2024-07-29,83.79,86.4532107275941,81.7410235041538,5,16.979474426865323,B
2024-07-30,83.08,85.70360834368431,81.75464177514257,5,14.701124473608033,B
2024-07-31,84.74,85.48947315619891,81.7850042725304,5,38.72882261029718,B
2024-08-01,85.43,85.47625689926583,81.82207491942656,5,46.55149965848703,B
2024-08-02,85.4,85.45931092165121,81.85846278367704,5,46.23071619377374,B
2024-08-05,82.15,84.72390849461762,81.86142769417526,5,23.914734926542835,B
2024-08-06,80.37,83.75637327359149,81.84626025965147,5,17.974651958926344,B
2024-08-07,80.96,83.13495699057115,81.83724737900904,5,25.62843076597582,B
2024-08-08,80.26,82.49607765933312,81.82120773763303,5,22.513005459951884,B
2024-08-09,82.01,82.38806040170356,81.8231276066591,5,43.845082499317954,B
2024-08-12,82.93,82.50849142354721,81.83438343896918,5,52.44778442462836,B
2024-08-13,82.45,82.49549332942561,81.84064356497835,5,47.68368999944888,B
2024-08-14,82.47,82.48982814510882,81.84704330385024,5,47.93003246966303,B
2024-08-16,83.22,82.65208855730685,81.86100426394232,5,57.344903887802126,B
2024-08-19,85.05,83.18495776679424,81.89343115604643,5,72.50677075586101,B
2024-08-20,86.57,83.9371893741733,81.94098347859423,5,79.918012227231,B
2024-08-21,86.34,84.47114729102368,81.98571287928682,5,76.04091403726967,B
2024-08-22,86.22,84.85978122635176,82.02876662533185,5,73.70882546650576,B
2024-08-23,85.79,85.06649650938472,82.0670098184798,5,64.8063191639188,B
2024-08-26,87.78,85.66949728507701,82.1250970444866,5,79.28192666208615,B
2024-08-27,87.04,85.9740534439488,82.1750688991338,5,66.5570193286973,B
2024-08-28,86.5,86.09093045640464,82.21904160019393,5,58.05721915302776,B
2024-08-29,86.39,86.15739035498139,82.26144818560542,5,56.228772097308145,B
2024-08-30,86.41,86.21352583165219,82.30362633559145,5,56.539846829291854,B
2024-09-02,84.28,85.78385342461839,82.32371974780742,5,29.052945095540778,B
2024-09-03,83.6,85.29855266359208,82.33669525603784,5,24.332370132814873,B
2024-09-04,82.71,84.72331873834939,82.34049046413087,5,19.222538582832314,B
2024-09-05,84.38,84.64702568538287,82.36122487234795,5,45.879903171466566,B
2024-09-06,84.59,84.63435331085334,82.38388310541345,5,48.54882086037085,B
2024-09-09,82.98,84.26671924177482,82.38994328037137,5,32.968110199654475,B
2024-09-10,83.56,84.10967052138042,82.40183801216072,5,41.43218902068426,B
2024-09-11,84.5,84.19641040551812,82.42316751932046,5,53.36231639331316,B
2024-09-12,84.58,84.2816525376252,82.44509316284567,5,54.35151746850439,B
2024-09-13,87.11,84.91017419593074,82.49251442360328,5,75.17041208800347,B
2024-09-16,89.23,85.87013548572392,82.56100364297151,5,83.19715678304385,B_N_Y
2024-09-17,88.79,86.51899426667417,82.62432303694993,5,76.75948516668296,B
2024-09-18,88.46,86.95032887407991,82.68364346537581,5,71.56778963095432,B
2024-09-19,90.02,87.63247801317327,82.75821754206511,5,79.68644048357856,B
2024-09-20,89.78,88.109705121357,82.82959306501418,5,75.53844805277424,B
2024-09-23,88.75,88.25199287216655,82.88977248872092,5,59.04912015024125,B
2024-09-24,89.67,88.56710556724067,82.95869091014524,5,67.07393978697107,B
2024-09-25,91.88,89.30330433007609,83.04937148913515,5,79.27117125948386,B
2024-09-26,92.61,90.0381255900592,83.14654923919521,5,82.02112072618473,B_N_Y
2024-09-27,91.9,90.45187545893495,83.2355214621113,5,70.62958885445424,B
2024-09-30,91.6,90.7070142458383,83.32053905892317,5,65.80264030887837,B
2024-10-01,91.22,90.82101108009645,83.40082920862052,5,59.377531526863926,B
2024-10-03,91.86,91.0518975067417,83.48680724366106,5,66.30413286629799,B
2024-10-04,93.27,91.54480917191022,83.58624133159189,5,77.07097966259171,B
2024-10-07,92.88,91.84151824481906,83.68069984107345,5,69.40356131418665,B
2024-10-08,91.25,91.71006974597039,83.7576306836062,5,45.667864188725616,B
2024-10-09,89.79,91.2833875801992,83.81894018691368,5,33.02304515435874,B
2024-10-10,89.65,90.92041256237717,83.87820303723846,5,31.96226672054439,B
2024-10-11,91.19,90.98032088184891,83.95251425452211,5,52.806717180199875,B
2024-10-14,91.81,91.16469401921583,84.0323705419561,5,59.110904372043535,B
2024-10-15,91.04,91.13698423716788,84.10358889944001,5,48.95816781672372,B
2024-10-16,92.8,91.50654329557503,84.19196935642734,5,65.76063797834134,B
2024-10-17,92.14,91.64731145211391,84.27274326873865,5,56.96975480460855,B
2024-10-18,93.43,92.04346446275527,84.36580527848223,5,67.56362396711677,B
2024-10-21,98.42,93.46047235992077,84.50863168218373,5,85.19173560954074,B_N_Y
2024-10-22,98.47,94.57370072438283,84.65051327728014,5,85.29185331552043,B_N_Y
2024-10-23,99.73,95.71954500785333,84.80375612916849,5,87.87426440507761,B_N_Y
2024-10-24,98.97,96.44186833944148,84.94771685040942,5,77.60143161751229,B
2024-10-25,96.21,96.39034204178783,85.0621656968414,5,50.697305220443965,B
2024-10-28,97.18,96.5658215880572,85.18530755686031,5,57.21394964181967,B
2024-10-29,98.9,97.08452790182227,85.32467538669455,5,66.90865323114821,B
2024-10-30,99.47,97.61463281252844,85.46841788577895,5,69.74814592705785,B
2024-10-31,98.06,97.71360329863325,85.59637028264385,5,55.122648139290725,B
2024-11-01,97.89,97.75280256560364,85.72129378303143,5,53.43401382883775,B
2024-11-04,95.96,97.3544019954695,85.82533490650304,5,37.243141618727556,B
2024-11-05,95.44,96.92897932980962,85.92303389976233,5,33.7944534923635,B
2024-11-06,94.58,96.40698392318527,86.01100047036515,5,28.364586507320567,B
2024-11-07,91.72,95.3654319402552,86.06901115740338,5,17.006011872372923,B
2024-11-08,92.6,94.75089150908738,86.1353737036551,5,28.082644248748338,B
2024-11-11,91.94,94.12624895151242,86.19435502548328,5,24.959651976005347,B
2024-11-12,89.5,93.0981936289541,86.22794368107775,5,16.48685714609475,B
2024-11-13,91.12,92.65859504474209,86.27765142771241,5,34.84309948736555,B
2024-11-14,88.08,91.64112947924384,86.29596477234918,5,22.989917547844485,B
2024-11-18,90.47,91.38087848385634,86.33837604291763,5,42.28481890736782,B
2024-11-19,92.39,91.60512770966605,86.39986447744451,5,53.88683036428666,B
2024-11-21,91.27,91.53065488529583,86.44934780722582,5,46.99794575925582,B
2024-11-22,92.0,91.63495379967455,86.50574510401695,5,51.99764276770604,B
2024-11-25,90.33,91.34496406641354,86.54460105517727,5,40.951224167394294,B
2024-11-26,89.43,90.91941649609943,86.57391761850336,5,35.824354618019015,B
2024-11-27,89.98,90.71065727474402,86.60852421183799,5,41.42605700745119,B
2024-11-28,88.7,90.26384454702314,86.62977392590531,5,33.03708414579036,B
2024-11-29,90.33,90.27854575879579,86.66736849324269,5,49.36053418941087,B
2024-12-02,89.45,90.0944244790634,86.69564001251338,5,42.38751810413469,B
2024-12-03,90.95,90.28455237260488,86.73886395099974,5,55.71660324073568,B
2024-12-04,91.07,90.4590962898038,86.78286759198524,5,56.71796596213126,B
2024-12-05,91.93,90.78596378095851,86.83516122884012,5,64.00875569311702,B
2024-12-06,91.87,91.0268607185233,86.88631360667421,5,63.082063268613,B
2024-12-09,92.3,91.30978055885147,86.9413145500868,5,67.3204407780768,B
2024-12-10,93.81,91.86538487910671,87.01109720550974,5,78.2707344638608,B
2024-12-11,93.81,92.29752157263856,87.08017040066609,5,78.2707344638608,B
2024-12-12,94.57,92.80251677871888,87.15626249432397,5,82.80253413844031,B_N_Y
2024-12-13,90.71,92.3375130501147,87.19236604011228,5,35.628317551395,B
2024-12-16,90.68,91.96917681675589,87.227797769844,5,35.43220597833513,B
2024-12-17,89.85,91.4982486352546,87.25443718069621,5,29.765968445628445,B
2024-12-18,90.04,91.17419338297582,87.28273600533674,5,32.839218156196935,B
2024-12-19,88.02,90.4732615200923,87.29022589644717,5,20.764455907839235,B
2024-12-20,86.08,89.49698118229402,87.27793125158057,5,14.405615027804501,B
2024-12-23,88.62,89.30209647511758,87.2915651925099,5,42.982179414930584,B
2024-12-24,88.41,89.10385281398035,87.30292718365274,5,41.54861605498991,B
2024-12-26,88.75,89.02521885531806,87.31762765681401,5,45.244559940034115,B
2024-12-27,89.06,89.03294799858072,87.33532789385494,5,48.92525285719442,B
2024-12-30,88.26,88.8611817766739,87.34472129965081,5,40.20678838521524,B
2024-12-31,87.05,88.45869693741305,87.34172735275193,5,30.074444275754303,B
2025-01-01,87.21,88.18120872909904,87.34038919965329,5,32.870640687768386,B
2025-01-02,88.14,88.1720512337437,87.34851200020033,5,47.98347879930796,B
2025-01-03,89.11,88.38048429291179,87.36640586502259,5,59.786731396666845,B
2025-01-06,89.29,88.58259889448696,87.3859463464814,5,61.79750382870919,B
2025-01-07,90.54,89.01757691793432,87.41798603402859,5,73.36043977070196,B
2025-01-08,90.55,89.3581153806156,87.44980164674017,5,73.44082771353258,B
2025-01-09,90.84,89.68742307381216,87.48423974354239,5,76.0596301167831,B
2025-01-10,91.01,89.98132905740945,87.52005468703949,5,77.67281139145977,B
2025-01-13,90.96,90.19881148909626,87.55499771334007,5,75.79511813603354,B
2025-01-14,89.67,90.08129782485267,87.57648182138838,5,42.5905176599718,B
2025-01-15,90.68,90.2143427526632,87.60800705513539,5,59.818234256484764,B
2025-01-16,92.71,90.76893325207138,87.65983230871329,5,77.09038809018934,B
2025-01-17,90.95,90.80917030716664,87.69325313633476,5,52.59098790142975,B
2025-01-20,91.15,90.88491023890738,87.72836584669245,5,54.63869619604535,B
2025-01-21,91.27,90.97048574137241,87.7643406234375,5,56.0620353055936,B
2025-01-22,92.08,91.21704446551189,87.8081774621884,5,65.25957660874928,B
2025-01-23,91.34,91.24436791762038,87.84405219072852,5,52.66904731201325,B
2025-01-24,92.01,91.41450838037142,87.88636786640805,5,61.15159042837684,B
2025-01-27,91.25,91.37795096251111,87.9205338302018,5,48.760767172308675,B
2025-01-28,90.57,91.19840630417531,87.94744554140821,5,39.75214611309927,B
2025-01-29,91.38,91.23876045880301,87.9823112218815,5,52.75009554300866,B
2025-01-30,92.88,91.60348035684679,88.03205854209511,5,68.48748228519614,B
2025-01-31,94.31,92.2049291664364,88.09582519000185,5,77.44118627582284,B
2025-02-01,93.62,92.51938935167277,88.15193535950844,5,66.11145940653907,B
2025-02-03,94.21,92.89508060685661,88.2134680541293,5,70.69409673921277,B
2025-02-04,94.53,93.25839602755515,88.27762572851587,5,73.15520487417784,B
2025-02-05,96.76,94.03653024365401,88.3637816742232,5,84.49661437476895,B_N_Y
2025-02-06,95.52,94.36619018950869,88.43646743367646,5,65.31631274005142,B
2025-02-07,96.19,94.77148125850675,88.51521974611306,5,69.92691111864897,B
2025-02-10,96.6,95.17781875661638,88.59733614386039,5,72.70260926255838,B
2025-02-11,95.06,95.15163681070163,88.66297654513528,5,50.72208058260209,B
2025-02-12,94.92,95.10016196387906,88.72652799363061,5,49.037342510043786,B
2025-02-13,96.18,95.34012597190595,88.80223120909916,5,62.90035482745939,B
2025-02-14,98.34,96.00676464481575,88.89910371696801,5,76.5623241366149,B
2025-02-17,96.66,96.15192805707892,88.97792866681583,5,56.37784440392926,B
2025-02-18,96.76,96.28705515550583,89.05696833736152,5,57.21706049614956,B
2025-02-19,98.11,96.69215400983788,89.14891628992105,5,67.70236749441173,B
2025-02-20,98.21,97.02945311876279,89.24094562736968,5,68.4190260567305,B
2025-02-21,97.84,97.20957464792662,89.32828196894346,5,62.051035964747236,B
2025-02-24,96.91,97.14300250394294,89.40528540350438,5,48.01126863649056,B
2025-02-25,96.59,97.02011305862229,89.47825638269887,5,43.75333330069604,B
2025-02-27,95.47,96.67564349003956,89.53911079587299,5,31.522529551048123,B
2025-02-28,94.23,96.13216715891967,89.58675304484265,5,22.729370390658588,B
2025-03-03,94.98,95.87613001249309,89.64152845347478,5,36.18735970465199,B
2025-03-04,96.06,95.91699000971686,89.70671608432322,5,51.41787882517048,B
2025-03-05,97.07,96.17321445200201,89.7814991731845,5,62.01576035760498,B
2025-03-06,97.15,96.39027790711269,89.85633495201107,5,62.818813812239206,B
2025-03-07,97.88,96.72132726108765,89.93782437587394,5,70.04291010547388,B
2025-03-10,97.86,96.97436564751263,90.01828274965843,5,69.57993096172817,B
2025-03-11,97.39,97.06672883695427,90.09315033016739,5,58.26650607809089,B
2025-03-12,98.74,97.43856687318666,90.18096789688693,5,73.6495898977259,B
2025-03-13,98.87,97.75666312358963,90.26921353964116,5,74.76905799938561,B
2025-03-17,100.52,98.37073798501417,90.3733199447524,5,84.9279630267315,B_N_Y
2025-03-18,101.25,99.01057398834436,90.48378248549044,5,87.67285298990119,B_N_Y
2025-03-19,100.13,99.25933532426785,90.58174820946056,5,64.97811116011977,B
2025-03-20,99.85,99.39059414109722,90.6758750255071,5,60.115219788219825,B
2025-03-21,98.09,99.10157322085341,90.75117137232117,5,37.85545388303959,B
2025-03-24,97.95,98.84566806066377,90.82428095638036,5,36.511181067777926,B
2025-03-25,98.45,98.75774182496072,90.90172566827255,5,45.19880423936497,B
2025-03-26,99.38,98.89602141941391,90.9878284016003,5,58.42555441047026,B
2025-03-27,99.68,99.07023888176639,91.07610310873069,5,62.11281455074534,B
2025-03-28,101.27,99.55907468581832,91.17962847268134,5,76.13518155375064,B
2025-04-01,100.56,99.78150253341425,91.27489166254783,5,63.09968909731774,B
2025-04-02,100.56,99.95450197043333,91.36918708715203,5,63.09968909731774,B
2025-04-03,97.25,99.35350153255926,91.428909808415,5,28.079406363825,B
2025-04-04,93.39,98.02827896976832,91.44882563731215,5,15.5218484248648,B
2025-04-07,90.8,96.42199475426426,91.44223651712404,5,11.287848025240521,B
2025-04-08,90.71,95.15266258664998,91.43480034500439,5,11.155671018303934,B
2025-04-09,91.68,94.38095978961667,91.43729044358761,5,23.26156666794789,B
2025-04-11,94.06,94.30963539192409,91.46392500412806,5,45.879181587070946,B
2025-04-15,96.08,94.7030497492743,91.51080276474245,5,58.77115657801871,B
2025-04-16,97.82,95.39570536054669,91.57487454377429,5,67.1871740084145,B
2025-04-17,95.86,95.49888194709189,91.61839113925224,5,52.18731266941649,B
2025-04-21,96.93,95.81690818107148,91.67233178741488,5,58.50848817825247,B
2025-04-22,96.26,95.91537302972228,91.71892050896429,5,53.021800903949895,B
2025-04-23,97.08,96.17417902311733,91.7733632232094,5,58.9158612842202,B
2025-04-24,98.38,96.6643614624246,91.84045459875934,5,67.0966902829397,B
2025-04-25,98.39,97.04783669299691,91.90696601244561,5,67.15956827238307,B
2025-04-28,96.89,97.01276187233094,91.95756917268153,5,49.44343411742579,B
2025-04-29,98.51,97.3454814562574,92.02410951286471,5,62.71966145917077,B
2025-04-30,95.49,96.93315224375577,92.05930574729508,5,38.90975966666681,B
2025-05-02,95.32,96.57467396736561,92.0924181160277,5,37.897444336367094,B
2025-05-05,95.09,96.24474641906215,92.12285849431363,5,36.30025687761242,B
2025-05-06,96.74,96.3548027703817,92.16974533873241,5,53.77144404916802,B
2025-05-07,96.67,96.42484659918577,92.21544508115132,5,53.00055957474676,B
2025-05-08,96.3,96.39710291047783,92.25692331495486,5,48.41462486342867,B
2025-05-09,96.7,96.46441337481609,92.3020421824299,5,53.81491886038838,B
2025-05-12,95.0,96.13898818041253,92.32943952329495,5,34.582151943534484,B
2025-05-13,97.81,96.51032414032086,92.38509361772793,5,62.3694771087348,B
2025-05-14,97.27,96.67914099802734,92.43469882752458,5,56.59483901735851,B
2025-05-15,95.53,96.42377633179905,92.46613088925429,5,41.2221766253292,B
2025-05-16,96.17,96.36738159139927,92.50374272313354,5,47.747740890513086,B
2025-05-19,96.37,96.36796345997722,92.54300347040645,5,49.919603577958235,B
2025-05-20,96.1,96.30841602442675,92.57912367454989,5,46.64769427870145,B
2025-05-21,98.24,96.73765690788747,92.6366079915839,5,67.6528578391833,B
2025-05-22,98.12,97.04484426169026,92.69228988168106,5,65.83602910926194,B
2025-05-23,97.7,97.1904344257591,92.74314127188269,5,58.914128531687126,B
2025-05-26,98.43,97.46589344225708,92.80088902286968,5,66.55404932589215,B
2025-05-27,97.73,97.52458378842219,92.85094203613689,5,54.423784460912536,B
2025-05-28,98.77,97.8013429465506,92.9110474000318,5,65.94943473994756,B
2025-05-29,98.41,97.93660006953937,92.96688665698143,5,59.444836345150996,B
2025-05-30,98.34,98.02624449853063,93.02144795361907,5,58.053151921183144,B
2025-06-02,98.49,98.12930127663495,93.07697825965724,5,60.52837780644325,B
2025-06-03,100.95,98.75612321516051,93.15692453112574,5,82.13692542173314,B_N_Y
2025-06-04,102.05,99.48809583401375,93.2472286993802,5,86.32220359224942,B_N_Y
2025-06-05,104.86,100.68185231534405,93.3651495919127,5,92.17586886962431,B_N_Y
2025-06-06,106.53,101.98144068971206,93.49883065417566,5,94.06331946813059,B_N_Y
2025-06-09,107.13,103.12556498088716,93.63724661024908,5,94.64362322647715,B_N_Y
2025-06-10,107.87,104.17988387402336,93.78177097248818,5,95.34509894222762,B_N_Y
2025-06-11,107.07,104.82213190201819,93.91670402481688,5,81.00866106806781,B_N_Y
2025-06-12,106.23,105.13499147934749,94.04173703027507,5,67.65649589417008,B
2025-06-13,107.9,105.74943781727028,94.18245782230612,5,77.05495036147542,B
2025-06-16,107.82,106.20956274676578,94.32093707440626,5,75.7371135030609,B
2025-06-17,108.29,106.6718821363734,94.46278239556055,5,78.4444270699089,B
2025-06-18,110.52,107.52701943940154,94.6258310358827,5,87.02861790169378,B_N_Y
2025-06-19,108.42,107.725459563979,94.76589989331806,5,59.25252743977079,B
2025-06-20,107.4,107.65313521642813,94.89418892380527,5,49.63454524797218,B
2025-06-23,108.09,107.75021627944412,95.0281814180868,5,55.71323500064474,B
2025-06-24,106.72,107.52127932845654,95.14690189483167,5,42.871416189504004,B
2025-06-25,106.03,107.18988392213289,95.2574102965968,5,37.43858594568662,B
2025-06-26,108.03,107.37657638388114,95.38710460372623,5,57.12458810243823,B
2025-06-27,105.83,107.03289274301868,95.49314273998235,5,39.87290288791756,B
2025-06-30,107.09,107.0455832445701,95.61089809985027,5,50.561720555090254,B
2025-07-01,107.85,107.22434252355454,95.73517463748232,5,56.40491122906251,B
2025-07-02,106.89,107.15004418498687,95.84844116862342,5,47.5341636538017,B
2025-07-03,108.02,107.34336769943424,95.97203143414136,5,57.393291706839825,B
2025-07-04,108.12,107.51595265511553,96.09538194936192,5,58.260925172836025,B
2025-07-07,108.04,107.63240762064542,96.21666743422392,5,57.09819041034359,B
2025-07-08,108.28,107.77631703827977,96.33915813616366,5,60.085404059131804,B
2025-07-09,107.75,107.77046880755096,96.4550232727301,5,50.39853877983777,B
2025-07-10,107.85,107.78814240587297,96.57072712254399,5,52.21545891028915,B
2025-07-11,111.16,108.53744409345676,96.71886540244462,5,81.00457649321007,B_N_Y
2025-07-14,114.55,109.87356762824416,96.89992098450047,5,89.27599138665646,B_N_Y
2025-07-15,112.65,110.49055259974546,97.05984547481113,5,68.40722734012323,B
2025-07-16,112.3,110.89265202202425,97.21459200281193,5,64.91325173416072,B
2025-07-17,111.66,111.06317379490777,97.36126854651901,5,58.12717117284468,B
2025-07-18,113.5,111.60469072937272,97.52513859001871,5,69.56238189225036,B
2025-07-21,113.78,112.08809278951212,97.69018754190544,5,71.06545053923772,B
2025-07-22,114.56,112.63740550295388,97.86148033339254,5,75.31086930343544,B
2025-07-23,116.62,113.52242650229748,98.051950400466,5,83.36738148511674,B_N_Y
2025-07-24,115.48,113.95744283512026,98.22891088760872,5,68.01448483922616,B
2025-07-25,115.24,114.24245553842688,98.4016373945344,5,64.87065624116536,B
2025-07-28,113.54,114.08635430766536,98.5553484602293,5,46.031536344999374,B
2025-07-29,113.87,114.0382755726286,98.71084929165289,5,49.5841993901663,B
2025-07-30,114.37,114.11199211204449,98.86984784468464,5,55.17301259110364,B
2025-07-31,111.25,113.4759938649235,98.99555220116133,5,29.588710727704253,B
2025-08-01,110.07,112.71910633938495,99.10799866748485,5,24.268516094708062,B
2025-08-04,112.42,112.65263826396608,99.2431643604734,5,47.68507047334793,B
2025-08-05,112.92,112.71205198308473,99.38203426859747,5,51.66030356121063,B
2025-08-06,113.64,112.91826265351035,99.52680457394067,5,57.47649288338938,B
2025-08-07,115.26,113.43864873050806,99.68655361894147,5,68.22804354583769,B
2025-08-08,115.64,113.92783790150628,99.84853879265692,5,70.42087827016383,B
2025-08-11,113.96,113.9349850345049,99.99182096476899,5,50.97735587254226,B
2025-08-12,113.82,113.90943280461492,100.13222661709264,5,49.55219091327005,B
2025-08-13,115.78,114.3251144035894,100.2911074759661,5,66.12523203794005,B
2025-08-14,115.33,114.54842231390286,100.44380581939156,5,60.42799201266769,B
2025-08-18,114.54,114.54655068859111,100.58693223272327,5,50.8195548407595,B
2025-08-19,113.96,114.41620609112644,100.72271617393886,5,44.34811820396462,B
