Stock,Date,Close,S_EMA1,S_EMA2,C_EMA1,C_EMA2,S_RSI_P,S_RSI_L_R,C_RSI_V,P_Pos,C_Pos
KOTN50,2021-12-29,34.19,10,48,,,23,47,,B_N_Y,B_N_Y
KOTN50,2021-12-30,34.22,10,48,,,23,47,100.0,B_N_Y,S
KOTN50,2021-12-31,34.69,10,48,,,23,47,100.0,B_N_Y,S
KOTN50,2022-01-03,35.05,10,48,,,23,47,100.0,B_N_Y,S
KOTN50,2022-01-04,35.07,10,48,,,23,47,100.0,B_N_Y,S
KOTN50,2022-01-05,34.97,10,48,,,23,47,88.69982648416197,B_N_Y,S
KOTN50,2022-01-06,34.84,10,48,,,23,47,76.89094372266553,B_N_Y,S
KOTN50,2022-01-07,35.06,10,48,,,23,47,81.29643969618196,B_N_Y,S
KOTN50,2022-01-10,35.37,10,48,,,23,47,85.39741024904107,B_N_Y,S
KOTN50,2022-01-11,35.21,10,48,35.026607839383566,,23,47,76.36283287012009,B_N_Y,S
KOTN50,2022-01-12,35.3,10,48,35.08245843986463,,23,47,77.74727265146416,B_N_Y,S
KOTN50,2022-01-13,35.89,10,48,35.24380376561461,,23,47,84.12124054169092,B_N_Y,S
KOTN50,2022-01-14,35.37,10,48,35.26857220601934,,23,47,66.55548084609048,B_N_Y,S
KOTN50,2022-01-17,36.2,10,48,35.44877866550863,,23,47,75.1978158984584,B_N_Y,S
KOTN50,2022-01-18,35.85,10,48,35.525509986098186,,23,47,67.50735541139059,B_N_Y,S
KOTN50,2022-01-19,35.32,10,48,35.486574373007876,,23,47,58.10058388989143,B_N_Y,S
KOTN50,2022-01-20,35.56,10,48,35.50038000257951,,23,47,60.69353324928241,B_N_Y,S
KOTN50,2022-01-21,35.15,10,48,35.43490705025403,,23,47,54.65296792087637,B_N_Y,S
KOTN50,2022-01-24,33.76,10,48,35.12350029744454,,23,47,40.40127794357385,B_N_Y,S
KOTN50,2022-01-25,33.88,10,48,34.89324831366914,,23,47,41.77171229250712,B_N_Y,S
KOTN50,2022-01-27,33.37,10,48,34.61213761404954,,23,47,37.89958336834397,B_N_Y,S
KOTN50,2022-01-28,33.61,10,48,34.42769953285793,,23,47,40.60815644854512,B_N_Y,S
KOTN50,2022-01-31,33.94,10,48,34.338140437639,,23,47,44.11221075150474,B_N_Y,S
KOTN50,2022-02-01,33.78,10,48,34.23583182859359,,23,47,42.83130685917814,B_N_Y,S
KOTN50,2022-02-02,34.52,10,48,34.28784339285214,,23,47,49.86971984151942,B_N_Y,S
KOTN50,2022-02-03,34.38,10,48,34.30469047098663,,23,47,48.68420755950974,B_N_Y,S
KOTN50,2022-02-04,34.1,10,48,34.267308211685055,,23,47,46.37892098748974,B_N_Y,S
KOTN50,2022-02-07,33.63,10,48,34.15101194434165,,23,47,42.82068000977345,B_N_Y,S
KOTN50,2022-02-08,33.41,10,48,34.01588126486519,,23,47,41.271180009498096,B_N_Y,S
KOTN50,2022-02-09,33.88,10,48,33.99111541478359,,23,47,45.66271444369549,B_N_Y,S
KOTN50,2022-02-10,34.27,10,48,34.04192269116654,,23,47,48.97279599699966,B_N_Y,S
KOTN50,2022-02-11,33.4,10,48,33.92501935745053,,23,47,42.880753015264915,B_N_Y,S
KOTN50,2022-02-14,32.07,10,48,33.58729373636297,,23,47,35.7693314348858,B_N_Y,S
KOTN50,2022-02-15,32.53,10,48,33.39484900383846,,23,47,39.4030882507291,B_N_Y,S
KOTN50,2022-02-16,32.68,10,48,33.26476058462331,,23,47,40.549673223409926,B_N_Y,S
KOTN50,2022-02-17,32.86,10,48,33.19111407929781,,23,47,41.92817592972678,B_N_Y,S
KOTN50,2022-02-18,32.31,10,48,33.03081593833433,,23,47,39.03668616263323,B_N_Y,S
KOTN50,2022-02-21,31.93,10,48,32.83056989429973,,23,47,37.18442255243454,B_N_Y,S
KOTN50,2022-02-22,31.48,10,48,32.58491367643695,,23,47,35.1212574629059,B_N_Y,S
KOTN50,2022-02-23,32.05,10,48,32.487624871531835,,23,47,39.561951666776935,B_N_Y,S
KOTN50,2022-02-24,30.54,10,48,32.133416612697246,,23,47,33.2575247623072,B_N_Y,S
KOTN50,2022-02-25,31.31,10,48,31.98367176387312,,23,47,38.483623216059,B_N_Y,S
KOTN50,2022-02-28,31.66,10,48,31.924811823862665,,23,47,40.69051925032581,B_N_Y,S
KOTN50,2022-03-02,32.27,10,48,31.987582496911394,,23,47,44.32952702060993,B_N_Y,S
KOTN50,2022-03-03,32.47,10,48,32.07530527419424,,23,47,45.476227706649844,B_N_Y,S
KOTN50,2022-03-04,31.99,10,48,32.05979370467645,,23,47,43.24141341870819,B_N_Y,S
KOTN50,2022-03-07,31.16,10,48,31.896181734627397,,23,47,39.71335628797276,B_N_Y,S
KOTN50,2022-03-08,31.8,10,48,31.87869299954886,33.00020305801599,23,47,43.43384044080328,B_N_Y,S
KOTN50,2022-03-09,32.67,10,48,32.022574720159064,32.98471550284874,23,47,47.994928762258134,B_N_Y,S
KOTN50,2022-03-10,32.95,10,48,32.19120490163196,32.983097088256514,23,47,49.36857799110658,B_N_Y,S
KOTN50,2022-03-11,33.14,10,48,32.36371929811958,32.990369599249696,23,47,50.2998753131804,B_N_Y,S
KOTN50,2022-03-14,33.41,10,48,32.553957744002545,33.00971258625878,23,47,51.621878637652486,B_N_Y,S
KOTN50,2022-03-15,33.36,10,48,32.70051440554062,33.02577439804876,23,47,51.35740066983836,B_N_Y,S
KOTN50,2022-03-16,33.69,10,48,32.8804244167925,33.05607865216284,23,47,53.01826380844727,B_N_Y,S
KOTN50,2022-03-17,34.0,10,48,33.08398689044969,33.09893755973343,23,47,54.542578986097496,B_N_Y,S
KOTN50,2022-03-21,34.28,10,48,33.30144668343322,33.152318939792586,23,47,55.89386175580938,B_N_Y,B_N_Y
KOTN50,2022-03-22,34.48,10,48,33.51573141366586,33.212065378247836,23,47,56.851678601184865,B_N_Y,B_N_Y
KOTN50,2022-03-23,34.51,10,48,33.69650911407516,33.270229833525846,23,47,56.99812115097387,B_N_Y,B_N_Y
KOTN50,2022-03-24,34.72,10,48,33.882599708406204,33.33493987760904,23,47,58.04029225356453,B_N_Y,B_N_Y
KOTN50,2022-03-25,34.78,10,48,34.04576436076305,33.39919434332865,23,47,58.34186254453991,B_N_Y,B_N_Y
KOTN50,2022-03-28,34.73,10,48,34.17017144136131,33.45815337786189,23,47,57.97882676270137,B_N_Y,B_N_Y
KOTN50,2022-03-29,34.84,10,48,34.29195893318541,33.51916096412312,23,47,58.57174339921971,B_N_Y,B_N_Y
KOTN50,2022-03-30,35.03,10,48,34.42614865182946,33.58564189710973,23,47,59.60108895158889,B_N_Y,B_N_Y
KOTN50,2022-03-31,35.48,10,48,34.61775849462541,33.66873392960068,23,47,61.9424552840526,B_N_Y,B_N_Y
KOTN50,2022-04-01,35.94,10,48,34.858166561277834,33.768055646566914,23,47,64.16214462192144,B_N_Y,B_N_Y
KOTN50,2022-04-04,36.17,10,48,35.09668215423913,33.8727867640233,23,47,65.22243722666914,B_N_Y,B_N_Y
KOTN50,2022-04-05,36.29,10,48,35.313649349577815,33.977890792205024,23,47,65.77475478954906,B_N_Y,B_N_Y
KOTN50,2022-04-06,36.79,10,48,35.58207705870156,34.099840469251255,23,47,67.98927254839234,B_N_Y,B_N_Y
KOTN50,2022-04-07,36.38,10,48,35.72715409780081,34.198470199248746,23,47,64.41616200814738,B_N_Y,B_N_Y
KOTN50,2022-04-08,36.46,10,48,35.86039891300692,34.29605604739758,23,47,64.79359428115944,B_N_Y,B_N_Y
KOTN50,2022-04-11,36.6,10,48,35.99487192520639,34.39524058086735,23,47,65.46379374709379,B_N_Y,B_N_Y
KOTN50,2022-04-12,35.75,10,48,35.95034973334071,34.45343284857011,23,47,58.40647940336041,B_N_Y,B_N_Y
KOTN50,2022-04-13,35.5,10,48,35.86846792806087,34.4982911510245,23,47,56.53250873564363,B_N_Y,B_N_Y
KOTN50,2022-04-18,34.83,10,48,35.67965551037421,34.5124799336135,23,47,51.86962272918103,B_N_Y,B_N_Y
KOTN50,2022-04-19,34.34,10,48,35.436081710360774,34.505116558472594,23,47,48.79255848472464,B_N_Y,B_N_Y
KOTN50,2022-04-20,34.56,10,48,35.276794088747515,34.50745521370765,23,47,50.17982678859641,B_N_Y,B_N_Y
KOTN50,2022-04-21,35.03,10,48,35.231922427510035,34.529681634563325,23,47,53.02231905851566,B_N_Y,B_N_Y
KOTN50,2022-04-22,34.7,10,48,35.13520924346293,34.53691368994496,23,47,50.8909632001093,B_N_Y,B_N_Y
KOTN50,2022-04-25,33.54,10,48,34.84517116138829,34.494652306384396,23,47,44.340828167413235,B_N_Y,B
KOTN50,2022-04-26,33.62,10,48,34.62241274465005,34.45763219390221,23,47,44.85259462711397,B_N_Y,B
KOTN50,2022-04-27,33.38,10,48,34.396519498637666,34.412089584956135,23,47,43.59540101317881,B_N_Y,S
KOTN50,2022-04-28,33.56,10,48,34.24442503348068,34.37613077381559,23,47,44.808382399985376,B_N_Y,S
KOTN50,2022-04-29,33.72,10,48,34.14907502182327,34.348479849854904,23,47,45.88974619395139,B_N_Y,S
KOTN50,2022-05-02,32.83,10,48,33.90924318821075,34.28457221431262,23,47,41.19590949541762,B_N_Y,S
KOTN50,2022-05-04,31.87,10,48,33.53847168494605,34.18308003037721,23,47,36.935576162800565,B_N_Y,S
KOTN50,2022-05-05,32.96,10,48,33.433295011590715,34.13173255247016,23,47,43.830796805644695,B_N_Y,S
KOTN50,2022-05-06,31.89,10,48,33.152695911228726,34.037729481420214,23,47,39.408791241034066,B_N_Y,S
KOTN50,2022-05-09,30.73,10,48,32.71220573611623,33.89918046832623,23,47,35.36496473148037,B_N_Y,S
KOTN50,2022-05-10,29.94,10,48,32.208168320716865,33.73352176607172,23,47,32.95714876310734,B_N_Y,S
KOTN50,2022-05-11,28.86,10,48,31.599410435494605,33.52981437067361,23,47,30.03452661164441,B_N_Y,S
KOTN50,2022-05-12,27.98,10,48,30.941335803139363,33.29806643906534,23,47,27.925021295749687,B_N_Y,S
KOTN50,2022-05-13,28.33,10,48,30.466547470738796,33.09080613611149,23,47,29.97020907990577,B_N_Y,S
KOTN50,2022-05-16,28.45,10,48,30.099902473179764,32.8973731546436,23,47,30.675315912955625,B_N_Y,S
KOTN50,2022-05-17,29.88,10,48,30.059920205072007,32.771714963551624,23,47,38.40208687782448,B_N_Y,S
KOTN50,2022-05-18,30.08,10,48,30.063571076896284,32.65971157652785,23,47,39.38985403800692,B_N_Y,S
KOTN50,2022-05-19,29.42,10,48,29.946558153320943,32.52501278419145,23,47,37.32491827975521,B_N_Y,S
KOTN50,2022-05-20,29.32,10,48,29.832638488679876,32.39185801840975,23,47,37.01752752513389,B_N_Y,S
KOTN50,2022-05-23,29.36,10,48,29.746704217763384,32.26598891899432,23,47,37.23369167435758,B_N_Y,S
KOTN50,2022-05-24,28.99,10,48,29.609121632391386,32.13007962742324,23,47,36.037594019760014,B_N_Y,S
KOTN50,2022-05-25,27.88,10,48,29.294735880441536,31.953876813660763,23,47,32.7390448969678,B_N_Y,S
KOTN50,2022-05-26,27.9,10,48,29.041147538143164,31.785916210143082,23,47,32.854814413132885,B_N_Y,S
KOTN50,2022-05-27,28.45,10,48,28.933666167432996,31.64778727278789,23,47,36.02079242318863,B_N_Y,S
KOTN50,2022-05-30,29.23,10,48,28.987545046138422,31.547733988595546,23,47,40.201235327525914,B_N_Y,S
KOTN50,2022-05-31,29.37,10,48,29.057082310536952,31.457665594864682,23,47,40.925540825955395,B_N_Y,S
KOTN50,2022-06-01,29.19,10,48,29.081249163183674,31.363928587532396,23,47,40.2699092742128,B_N_Y,S
KOTN50,2022-06-02,29.34,10,48,29.128294769904755,31.280310260292993,23,47,41.09208187915538,B_N_Y,S
KOTN50,2022-06-03,29.13,10,48,29.128604811740402,31.191514759447532,23,47,40.28056314165795,B_N_Y,S
KOTN50,2022-06-06,28.55,10,48,29.023403936837795,31.0824874347984,23,47,38.10753609998486,B_N_Y,S
KOTN50,2022-06-07,28.71,10,48,28.966421402849246,30.98460894097293,23,47,39.05573529690838,B_N_Y,S
KOTN50,2022-06-08,28.37,10,48,28.857981147757652,30.876788935875723,23,47,37.77022524907158,B_N_Y,S
KOTN50,2022-06-09,28.64,10,48,28.818348211793317,30.78458812815763,23,47,39.42550150906196,B_N_Y,S
KOTN50,2022-06-10,28.61,10,48,28.78046671873342,30.694987432117284,23,47,39.304058560973544,B_N_Y,S
KOTN50,2022-06-13,27.51,10,48,28.549472769840015,30.56380551663943,23,47,35.153212049561375,B_N_Y,S
KOTN50,2022-06-14,27.29,10,48,28.320477720751605,30.429015440350813,23,47,34.39373651708772,B_N_Y,S
KOTN50,2022-06-15,27.22,10,48,28.12039086241412,30.296939934297686,23,47,34.14832289412939,B_N_Y,S
KOTN50,2022-06-16,26.39,10,48,27.805774341950734,30.13619436716582,23,47,31.37331088143344,B_N_Y,S
KOTN50,2022-06-17,25.68,10,48,27.41926991611693,29.95291047993564,23,47,29.247750854120994,B_N_Y,S
KOTN50,2022-06-20,24.84,10,48,26.950311749525817,29.74268174075498,23,47,26.986322563490162,B_N_Y,S
KOTN50,2022-06-21,25.53,10,48,26.692073249601037,29.56952002348749,23,47,31.53253332168464,B_N_Y,S
KOTN50,2022-06-22,25.33,10,48,26.44442356784677,29.39530538996101,23,47,30.948587922461655,B_N_Y,S
KOTN50,2022-06-23,25.25,10,48,26.227255646413898,29.225009437063193,23,47,30.71075660571671,B_N_Y,S
KOTN50,2022-06-24,25.6,10,48,26.113209165245074,29.076127597034795,23,47,33.063499224255594,B_N_Y,S
KOTN50,2022-06-27,26.19,10,48,26.127171135200783,28.95762233500028,23,47,36.84287499972628,B_N_Y,S
KOTN50,2022-06-28,25.85,10,48,26.076776383345308,28.83005355606968,23,47,35.630839917689414,B_N_Y,S
KOTN50,2022-06-29,25.91,10,48,26.046453404554867,28.710212566430304,23,47,36.01915933613998,B_N_Y,S
KOTN50,2022-06-30,25.82,10,48,26.005280058271737,28.59162287761386,23,47,35.6815985549178,B_N_Y,S
KOTN50,2022-07-01,25.41,10,48,25.897047320403225,28.46110427454587,23,47,34.157036530898296,B_N_Y,S
KOTN50,2022-07-04,25.57,10,48,25.837584171238586,28.342527979693283,23,47,35.28513274204613,B_N_Y,S
KOTN50,2022-07-05,25.51,10,48,25.778023412831228,28.22637712582553,23,47,35.04970504106902,B_N_Y,S
KOTN50,2022-07-06,25.63,10,48,25.751110065043605,28.119930089635258,23,47,35.943350343944346,B_N_Y,S
KOTN50,2022-07-07,26.28,10,48,25.847271871399677,28.044509816571995,23,47,40.573563688985146,B_N_Y,S
KOTN50,2022-07-08,26.24,10,48,25.91867698569087,27.97055435607129,23,47,40.38575452764386,B_N_Y,S
KOTN50,2022-07-11,26.27,10,48,25.982553897383603,27.900871035376845,23,47,40.60133861173575,B_N_Y,S
KOTN50,2022-07-12,26.42,10,48,26.06208955240493,27.840199377780806,23,47,41.70334830497801,B_N_Y,S
KOTN50,2022-07-13,26.45,10,48,26.132618724695064,27.78325132641159,23,47,41.928619704163864,B_N_Y,S
KOTN50,2022-07-14,26.01,10,48,26.11032441111411,27.71062267730069,23,47,39.58325428105119,B_N_Y,S
KOTN50,2022-07-15,26.13,10,48,26.113901790911548,27.64589285696055,23,47,40.531714446321416,B_N_Y,S
KOTN50,2022-07-18,26.71,10,48,26.222283283473185,27.60757128078518,23,47,44.90237005712051,B_N_Y,S
KOTN50,2022-07-19,27.02,10,48,26.367322686478175,27.583515401105977,23,47,47.07584172886346,B_N_Y,S
KOTN50,2022-07-20,27.41,10,48,26.556900379845896,27.576412357547103,23,47,49.686292201776595,B_N_Y,S
KOTN50,2022-07-21,27.45,10,48,26.719282128964906,27.5712381485466,23,47,49.95099436548231,B_N_Y,S
KOTN50,2022-07-22,27.51,10,48,26.863049014607707,27.56873188577097,23,47,50.3605328260634,B_N_Y,S
KOTN50,2022-07-25,27.4,10,48,26.960676466497247,27.56182704180007,23,47,49.58289441312471,B_N_Y,S
KOTN50,2022-07-26,27.06,10,48,26.97873529077048,27.541293451893733,23,47,47.226414456897416,B_N_Y,S
KOTN50,2022-07-27,26.92,10,48,26.968056146994027,27.51587415155796,23,47,46.279576788032664,B_N_Y,S
KOTN50,2022-07-28,27.32,10,48,27.03204593844967,27.507861029888165,23,47,49.31491997258724,B_N_Y,S
KOTN50,2022-07-29,27.68,10,48,27.149855767822476,27.51490249980694,23,47,51.87350734677831,B_N_Y,S
KOTN50,2022-08-01,28.31,10,48,27.36079108276387,27.547423634575356,23,47,55.94246795599089,B_N_Y,S
KOTN50,2022-08-02,28.33,10,48,27.53701088589773,27.57942988462119,23,47,56.06574922583447,B_N_Y,S
KOTN50,2022-08-03,28.23,10,48,27.663008906643604,27.606035080559927,23,47,55.25750361719428,B_N_Y,B_N_Y
KOTN50,2022-08-04,28.14,10,48,27.749734559981135,27.627869961293413,23,47,54.51801175838899,B_N_Y,B_N_Y
KOTN50,2022-08-05,28.23,10,48,27.83705554907548,27.652490385931056,23,47,55.14556799950904,B_N_Y,B_N_Y
KOTN50,2022-08-08,28.56,10,48,27.968499994698124,27.689594748105428,23,47,57.39882818226611,B_N_Y,B_N_Y
KOTN50,2022-08-10,28.38,10,48,28.043318177480288,27.717820635252515,23,47,55.80035031717301,B_N_Y,B_N_Y
KOTN50,2022-08-11,28.54,10,48,28.133623963392964,27.751431609495274,23,47,56.91536015751107,B_N_Y,B_N_Y
KOTN50,2022-08-12,28.56,10,48,28.211146879139697,27.7844840465532,23,47,57.05692914914676,B_N_Y,B_N_Y
KOTN50,2022-08-16,28.95,10,48,28.34548381020521,27.832124763147238,23,47,59.75292815275946,B_N_Y,B_N_Y
KOTN50,2022-08-17,29.03,10,48,28.46994129925881,27.881085289177207,23,47,60.28759511905235,B_N_Y,B_N_Y
KOTN50,2022-08-18,29.16,10,48,28.59540651757539,27.933355173822495,23,47,61.1640735912915,B_N_Y,B_N_Y
KOTN50,2022-08-19,28.99,10,48,28.667150787107143,27.976538437561615,23,47,59.37259420435298,B_N_Y,B_N_Y
KOTN50,2022-08-22,28.46,10,48,28.629487007633116,27.99629565673412,23,47,54.19849508158115,B_N_Y,B_N_Y
KOTN50,2022-08-23,28.42,10,48,28.59139846079073,28.013609964738375,23,47,53.82836939991271,B_N_Y,B_N_Y
KOTN50,2022-08-24,28.66,10,48,28.603871467919692,28.040022866550906,23,47,55.724975773100276,B_N_Y,B_N_Y
KOTN50,2022-08-25,28.6,10,48,28.603167564661565,28.062903700352777,23,47,55.13306088801579,B_N_Y,B_N_Y
KOTN50,2022-08-26,28.77,10,48,28.6335007347231,28.091794597017007,23,47,56.501686363490386,B_N_Y,B_N_Y
KOTN50,2022-08-29,28.44,10,48,28.59831878295526,28.106021148674966,23,47,53.207835417636794,B_N_Y,B_N_Y
KOTN50,2022-08-30,29.2,10,48,28.70771536787248,28.150715794216662,23,47,58.967245610487176,B_N_Y,B_N_Y
KOTN50,2022-09-01,29.62,10,48,28.87358530098658,28.21074125884548,23,47,61.69146027014073,B_N_Y,B_N_Y
KOTN50,2022-09-02,30.03,10,48,29.083842518989023,28.285061657101433,23,47,64.1223977383109,B_N_Y,B_N_Y
KOTN50,2022-09-05,30.25,10,48,29.29587115190011,28.365330496423876,23,47,65.35565731058415,B_N_Y,B_N_Y
KOTN50,2022-09-06,30.23,10,48,29.46571276064554,28.441500689252603,23,47,65.14283839214785,B_N_Y,B_N_Y
KOTN50,2022-09-07,30.15,10,48,29.590128622346352,28.511289168286037,23,47,64.26768367346119,B_N_Y,B_N_Y
KOTN50,2022-09-08,30.51,10,48,29.757377963737923,28.592929584969987,23,47,66.39181281640569,B_N_Y,B_N_Y
KOTN50,2022-09-09,30.59,10,48,29.908763788512847,28.674500531985586,23,47,66.84963902515665,B_N_Y,B_N_Y
KOTN50,2022-09-12,30.8,10,48,30.070806736055967,28.761314687033327,23,47,68.04428325341291,B_N_Y,B_N_Y
KOTN50,2022-09-13,30.84,10,48,30.210660056773065,28.846214399474626,23,47,68.27197079911365,B_N_Y,B_N_Y
KOTN50,2022-09-14,30.63,10,48,30.286903682814323,28.91906758533872,23,47,65.70253769333033,B_N_Y,B_N_Y
KOTN50,2022-09-15,30.97,10,48,30.411103013211715,29.00282941184481,23,47,67.7565416246609,B_N_Y,B_N_Y
KOTN50,2022-09-16,30.29,10,48,30.389084283536857,29.055397265659874,23,47,60.21625004303629,B_N_Y,B_N_Y
KOTN50,2022-09-19,29.89,10,48,30.29834168653015,29.08948151440391,23,47,56.35917764555401,B_N_Y,B_N_Y
KOTN50,2022-09-20,30.02,10,48,30.247734107161033,29.1274819985041,23,47,57.28873257740588,B_N_Y,B_N_Y
KOTN50,2022-09-21,30.03,10,48,30.20814608767721,29.164338202110862,23,47,57.361769608065075,B_N_Y,B_N_Y
KOTN50,2022-09-22,30.34,10,48,30.232119526281355,29.212347805359094,23,47,59.60070364933526,B_N_Y,B_N_Y
KOTN50,2022-09-23,29.96,10,48,30.182643248775655,29.242878499349636,23,47,55.84287514816625,B_N_Y,B_N_Y
KOTN50,2022-09-26,28.61,10,48,29.896708112634624,29.21703513134142,23,47,45.247121511980495,B_N_Y,B
KOTN50,2022-09-27,28.45,10,48,29.63367027397378,29.185714098781425,23,47,44.20778962524166,B_N_Y,B
KOTN50,2022-09-28,28.3,10,48,29.391184769614917,29.149547577058023,23,47,43.234438466886814,B_N_Y,B
KOTN50,2022-09-29,28.57,10,48,29.24187844786675,29.125883206294038,23,47,45.492844014545994,B_N_Y,B
KOTN50,2022-09-30,28.85,10,48,29.170627820981885,29.11461839005594,23,47,47.746719783921996,B_N_Y,B_N_Y
KOTN50,2022-10-03,28.55,10,48,29.05778639898518,29.09156434524046,23,47,45.63310959050062,B_N_Y,S
KOTN50,2022-10-04,28.83,10,48,29.016370690078784,29.080884518700802,23,47,47.88419879194401,B_N_Y,S
KOTN50,2022-10-06,28.97,10,48,29.007939655519003,29.076357102956823,23,47,48.988285772316424,B_N_Y,S
KOTN50,2022-10-07,29.21,10,48,29.044677899970093,29.08181366881025,23,47,50.85427021878329,B_N_Y,S
KOTN50,2022-10-10,29.15,10,48,29.063827372702807,29.08459764261159,23,47,50.37267926958556,B_N_Y,S
KOTN50,2022-10-11,28.92,10,48,29.037676941302294,29.077877384325404,23,47,48.5308452668026,B_N_Y,S
KOTN50,2022-10-12,28.93,10,48,29.01809931561097,29.07183986031192,23,47,48.61624540810062,B_N_Y,S
KOTN50,2022-10-13,28.76,10,48,28.971172167318066,29.05910823909851,23,47,47.22364930710734,B_N_Y,S
KOTN50,2022-10-14,28.98,10,48,28.97277722780569,29.055878488587044,23,47,49.192664615586295,B_N_Y,S
KOTN50,2022-10-17,28.65,10,48,28.914090459113748,29.03930787210711,23,47,46.4736417735238,B_N_Y,S
KOTN50,2022-10-18,29.23,10,48,28.971528557456704,29.047093093340195,23,47,51.40867889903852,B_N_Y,S
KOTN50,2022-10-19,29.31,10,48,29.033068819737302,29.057826459175537,23,47,52.04622656990808,B_N_Y,S
KOTN50,2022-10-20,29.02,10,48,29.030692670694158,29.056282180964004,23,47,49.58086175439933,B_N_Y,S
KOTN50,2022-10-21,29.48,10,48,29.112384912386126,29.07358045073487,23,47,53.25293459489896,B_N_Y,B_N_Y
KOTN50,2022-10-24,29.65,10,48,29.2101331101341,29.097112561430503,23,47,54.53235872896052,B_N_Y,B_N_Y
KOTN50,2022-10-25,29.51,10,48,29.26465436283699,29.11396839554377,23,47,53.27695376816467,B_N_Y,B_N_Y
KOTN50,2022-10-27,29.64,10,48,29.33289902413936,29.135443088347483,23,47,54.29832160840231,B_N_Y,B_N_Y
KOTN50,2022-10-28,29.3,10,48,29.326917383386746,29.14216090173366,23,47,51.235892428536346,B_N_Y,B_N_Y
KOTN50,2022-10-31,29.59,10,48,29.374750586407337,29.160443193455325,23,47,53.570929981927065,B_N_Y,B_N_Y
KOTN50,2022-11-01,29.88,10,48,29.466614116151455,29.189817705685137,23,47,55.7844030241604,B_N_Y,B_N_Y
KOTN50,2022-11-02,29.79,10,48,29.525411549578457,29.21431881975373,23,47,54.93467396531478,B_N_Y,B_N_Y
KOTN50,2022-11-03,29.84,10,48,29.5826094496551,29.23986070439887,23,47,55.32987448176557,B_N_Y,B_N_Y
KOTN50,2022-11-04,29.84,10,48,29.62940773153599,29.26435975304111,23,47,55.32987448176557,B_N_Y,B_N_Y
KOTN50,2022-11-07,30.22,10,48,29.73678814398399,29.303370925790674,23,47,58.36292146879405,B_N_Y,B_N_Y
KOTN50,2022-11-09,30.26,10,48,29.831917572350534,29.342422241830818,23,47,58.67173102466333,B_N_Y,B_N_Y
KOTN50,2022-11-10,30.0,10,48,29.86247801374135,29.36926559953317,23,47,55.85656990618906,B_N_Y,B_N_Y
KOTN50,2022-11-11,29.96,10,48,29.880209283970196,29.39338017981766,23,47,55.42880840532997,B_N_Y,B_N_Y
KOTN50,2022-11-14,29.85,10,48,29.874716686884703,29.412019927063366,23,47,54.23470331409642,B_N_Y,B_N_Y
KOTN50,2022-11-15,29.63,10,48,29.830222743814755,29.42091808188909,23,47,51.89702565361955,B_N_Y,B_N_Y
KOTN50,2022-11-16,29.7,10,48,29.806545881302977,29.43231041967568,23,47,52.57697587170657,B_N_Y,B_N_Y
KOTN50,2022-11-17,29.44,10,48,29.739901175611525,29.432624312844194,23,47,49.841238069923165,B_N_Y,B_N_Y
KOTN50,2022-11-18,29.32,10,48,29.66355550731852,29.428026942068602,23,47,48.62053056194224,B_N_Y,B_N_Y
KOTN50,2022-11-21,29.2,10,48,29.57927268780606,29.41871882652173,23,47,47.406673821496874,B_N_Y,B_N_Y
KOTN50,2022-11-22,29.27,10,48,29.52304129002314,29.41264811143432,23,47,48.19542103526381,B_N_Y,B_N_Y
KOTN50,2022-11-23,29.44,10,48,29.507942873655296,29.413764613644915,23,47,50.09563190285543,B_N_Y,B_N_Y
KOTN50,2022-11-24,29.46,10,48,29.499225987536153,29.41565193213365,23,47,50.31976372984761,B_N_Y,B_N_Y
KOTN50,2022-11-25,29.71,10,48,29.537548535256853,29.42766711517049,23,47,53.073954964119096,B_N_Y,B_N_Y
KOTN50,2022-11-28,29.62,10,48,29.552539710664696,29.43551804882199,23,47,51.98920101906985,B_N_Y,B_N_Y
KOTN50,2022-11-29,29.5,10,48,29.542987035998387,29.438150161944414,23,47,50.54905438348126,B_N_Y,B_N_Y
KOTN50,2022-11-30,29.78,10,48,29.5860803021805,29.452104217036997,23,47,53.6791123787374,B_N_Y,B_N_Y
KOTN50,2022-12-01,29.82,10,48,29.628611156329498,29.467121404199144,23,47,54.11289837330511,B_N_Y,B_N_Y
KOTN50,2022-12-02,29.91,10,48,29.679772764269586,29.485199274077573,23,47,55.10193851123488,B_N_Y,B_N_Y
KOTN50,2022-12-05,29.92,10,48,29.723450443493302,29.50294736544216,23,47,55.21406998559367,B_N_Y,B_N_Y
KOTN50,2022-12-06,29.9,10,48,29.755550362858155,29.51915457903337,23,47,54.92724110451687,B_N_Y,B_N_Y
KOTN50,2022-12-07,29.88,10,48,29.778177569611216,29.533883820988184,23,47,54.6305436672956,B_N_Y,B_N_Y
KOTN50,2022-12-08,29.87,10,48,29.79487255695463,29.54760361476755,23,47,54.476723899620495,B_N_Y,B_N_Y
KOTN50,2022-12-09,29.76,10,48,29.78853209205379,29.55627331930806,23,47,52.768102099463455,B_N_Y,B_N_Y
KOTN50,2022-12-12,30.02,10,48,29.83061716622583,29.575201911316327,23,47,56.16543046331671,B_N_Y,B_N_Y
KOTN50,2022-12-13,30.09,10,48,29.8777776814575,29.596215113618598,23,47,57.035279655667225,B_N_Y,B_N_Y
KOTN50,2022-12-14,30.16,10,48,29.929090830283407,29.619227829293248,23,47,57.90850577379829,B_N_Y,B_N_Y
KOTN50,2022-12-15,29.95,10,48,29.932892497504604,29.632729346301574,23,47,54.438371629433554,B_N_Y,B_N_Y
KOTN50,2022-12-16,29.51,10,48,29.856002952503765,29.627719767392016,23,47,48.121762971565815,B_N_Y,B_N_Y
KOTN50,2022-12-19,29.66,10,48,29.820366052048534,29.62903738286311,23,47,50.18196211173875,B_N_Y,B_N_Y
KOTN50,2022-12-20,29.51,10,48,29.76393586076698,29.624178519788053,23,47,48.181592281135465,B_N_Y,B_N_Y
KOTN50,2022-12-21,29.02,10,48,29.628674795172987,29.59951722569621,23,47,42.40830055532237,B_N_Y,B
KOTN50,2022-12-22,28.51,10,48,29.425279377868804,29.555045497961114,23,47,37.516747320246374,B_N_Y,S
KOTN50,2022-12-23,27.27,10,48,29.03341040007448,29.46177504185686,23,47,29.010957571653194,B_N_Y,S
KOTN50,2022-12-26,27.97,10,48,28.840063054606393,29.400884202626617,23,47,37.38864372369051,B_N_Y,S
KOTN50,2022-12-27,28.34,10,48,28.749142499223414,29.357581400045373,23,47,41.22181130610968,B_N_Y,S
KOTN50,2022-12-28,28.47,10,48,28.69838931754643,29.321352459047127,23,47,42.514546115799405,B_N_Y,S
KOTN50,2022-12-29,28.72,10,48,28.702318532537987,29.29680672718431,23,47,44.948778392634566,B_N_Y,S
KOTN50,2022-12-30,28.71,10,48,28.703715162985628,29.27285474562264,23,47,44.86932385155988,B_N_Y,S
KOTN50,2023-01-02,28.75,10,48,28.712130587897335,29.25151314881771,23,47,45.27386319821189,B_N_Y,S
KOTN50,2023-01-03,28.73,10,48,28.715379571916,29.230226336461026,23,47,45.10087059476774,B_N_Y,S
KOTN50,2023-01-04,28.47,10,48,28.670765104294908,29.19919590512955,23,47,42.87435331293417,B_N_Y,S
KOTN50,2023-01-05,28.38,10,48,28.617898721695834,29.165758526265552,23,47,42.12182534573539,B_N_Y,S
KOTN50,2023-01-06,28.37,10,48,28.572826226842047,29.133277830489916,23,47,42.0361195233932,B_N_Y,S
KOTN50,2023-01-09,28.48,10,48,28.555948731052585,29.10661283399673,23,47,43.361416976357056,B_N_Y,S
KOTN50,2023-01-10,28.4,10,48,28.52759441631575,29.077770876267515,23,47,42.62048765361765,B_N_Y,S
KOTN50,2023-01-11,28.11,10,48,28.4516681588038,29.038269212885453,23,47,40.028371801551685,B_N_Y,S
KOTN50,2023-01-12,28.08,10,48,28.38409212993038,28.99915541325328,23,47,39.76680351409212,B_N_Y,S
KOTN50,2023-01-13,28.29,10,48,28.366984469943038,28.970209747395042,23,47,42.51576777902797,B_N_Y,S
KOTN50,2023-01-16,28.29,10,48,28.35298729358976,28.942445581024682,23,47,42.51576777902797,B_N_Y,S
KOTN50,2023-01-17,28.43,10,48,28.366989603846168,28.921529071232833,23,47,44.365860974840906,B_N_Y,S
KOTN50,2023-01-18,28.36,10,48,28.36571876678323,28.898609135111926,23,47,43.631814920311584,B_N_Y,S
KOTN50,2023-01-19,28.2,10,48,28.33558808191355,28.870094020450427,23,47,41.97236212232567,B_N_Y,S
KOTN50,2023-01-20,28.21,10,48,28.312753885201996,28.843150994019528,23,47,42.11621009859098,B_N_Y,S
KOTN50,2023-01-23,28.21,10,48,28.294071360619814,28.81730771600797,23,47,42.116210098590976,B_N_Y,S
KOTN50,2023-01-24,28.2,10,48,28.27696747687076,28.79211112705528,23,47,42.00240719170037,B_N_Y,S
KOTN50,2023-01-25,27.76,10,48,28.182973390166985,28.749983571923487,23,47,37.358806216439746,B_N_Y,S
KOTN50,2023-01-27,26.95,10,48,27.958796410136625,28.676513900614786,23,47,30.804429731359377,B_N_Y,S
KOTN50,2023-01-30,26.46,10,48,27.686287971929964,28.586042818571517,23,47,27.727833220691664,B_N_Y,S
KOTN50,2023-01-31,26.36,10,48,27.445144704306333,28.495182842451637,23,47,27.14930420078828,B_N_Y,S
KOTN50,2023-02-01,25.96,10,48,27.175118394432452,28.391704805878977,23,47,24.970576610596538,B_N_Y,S
KOTN50,2023-02-02,25.6,10,48,26.88873323180837,28.277756418394397,23,47,23.21747578110528,B_N_Y,S
KOTN50,2023-02-03,25.28,10,48,26.596236280570484,28.155397723460826,23,47,21.7954828064518,B_N_Y,S
KOTN50,2023-02-06,25.55,10,48,26.40601150228494,28.049053883756194,23,47,25.803983645912027,B_N_Y,S
KOTN50,2023-02-07,25.61,10,48,26.261282138233135,27.949499698289312,23,47,26.677120447279393,B_N_Y,S
KOTN50,2023-02-08,25.86,10,48,26.188321749463476,27.864213202767896,23,47,30.25251654019094,B_N_Y,S
KOTN50,2023-02-09,25.62,10,48,26.084990522288297,27.77261184636025,23,47,28.8410452990352,B_N_Y,S
KOTN50,2023-02-10,25.57,10,48,25.99135588187224,27.682708552404204,23,47,28.55091408075404,B_N_Y,S
KOTN50,2023-02-13,25.34,10,48,25.872927539713654,27.587087010008336,23,47,27.2334201068645,B_N_Y,S
KOTN50,2023-02-14,25.28,10,48,25.76512253249299,27.49291945161702,23,47,26.894944140736428,B_N_Y,S
KOTN50,2023-02-15,25.17,10,48,25.65691843567608,27.398105696509244,23,47,26.269168621616544,B_N_Y,S
KOTN50,2023-02-16,25.41,10,48,25.612024174644066,27.31695793721756,23,47,29.98505467744394,B_N_Y,S
KOTN50,2023-02-17,25.43,10,48,25.578928870163328,27.239938710591936,23,47,30.291127820144595,B_N_Y,S
KOTN50,2023-02-20,25.49,10,48,25.562759984679087,27.16851216459517,23,47,31.233961064868964,B_N_Y,S
KOTN50,2023-02-21,25.33,10,48,25.520439987464705,27.09347037189576,23,47,30.09902059406022,B_N_Y,S
KOTN50,2023-02-22,25.02,10,48,25.42945089883476,27.008838409050384,23,47,28.03553371021968,B_N_Y,S
KOTN50,2023-02-23,24.86,10,48,25.325914371773894,26.9211302028799,23,47,27.035427700225398,B_N_Y,S
KOTN50,2023-02-24,24.68,10,48,25.208475395087728,26.82965498452029,23,47,25.946801659713245,B_N_Y,S
KOTN50,2023-02-27,24.34,10,48,25.050570777799052,26.728035863685403,23,47,24.035577598046928,B_N_Y,S
KOTN50,2023-02-28,24.65,10,48,24.977739727290132,26.643217632970394,23,47,29.01932293139808,B_N_Y,S
KOTN50,2023-03-01,25.4,10,48,25.05451432232829,26.592473803415086,23,47,39.12148590493938,B_N_Y,S
KOTN50,2023-03-02,25.56,10,48,25.146420809177695,26.550331814223387,23,47,40.99445634590058,B_N_Y,S
KOTN50,2023-03-03,25.6,10,48,25.22888975296357,26.511542582861885,23,47,41.46513732411019,B_N_Y,S
KOTN50,2023-03-06,25.9,10,48,25.350909797879286,26.486581551416926,23,47,44.91075487708011,B_N_Y,S
KOTN50,2023-03-08,25.98,10,48,25.465289834628503,26.465904666240725,23,47,45.800209834444175,B_N_Y,S
KOTN50,2023-03-09,25.87,10,48,25.538873501059683,26.4415819284596,23,47,44.761323786031895,B_N_Y,S
KOTN50,2023-03-10,25.73,10,48,25.573623773594285,26.41253765547445,23,47,43.44993905233466,B_N_Y,S
KOTN50,2023-03-13,25.4,10,48,25.54205581475896,26.371209434166467,23,47,40.524218080359624,B_N_Y,S
KOTN50,2023-03-14,25.03,10,48,25.44895475753006,26.31646599662637,23,47,37.55967036593577,B_N_Y,S
KOTN50,2023-03-15,25.09,10,48,25.383690256160957,26.266405988701575,23,47,38.32458081265311,B_N_Y,S
KOTN50,2023-03-16,24.97,10,48,25.30847384594987,26.21349128484439,23,47,37.367444153958274,B_N_Y,S
KOTN50,2023-03-17,25.09,10,48,25.268751328504436,26.16763435331511,23,47,38.961149531724686,B_N_Y,S
KOTN50,2023-03-20,24.86,10,48,25.19443290513999,26.114261361368012,23,47,37.07100916281061,B_N_Y,S
KOTN50,2023-03-21,24.85,10,48,25.13180874056908,26.062658707331025,23,47,36.98944161800103,B_N_Y,S
KOTN50,2023-03-22,25.19,10,48,25.14238896955652,26.027039885607856,23,47,41.560078088219015,B_N_Y,S
KOTN50,2023-03-23,24.96,10,48,25.109227338728065,25.983487121134115,23,47,39.5320819947908,B_N_Y,S
KOTN50,2023-03-24,24.87,10,48,25.065731458959327,25.938038551020046,23,47,38.75837565503813,B_N_Y,S
KOTN50,2023-03-27,24.5,10,48,24.962871193693992,25.879342956026235,23,47,35.75105523712372,B_N_Y,S
KOTN50,2023-03-28,24.34,10,48,24.849621885749627,25.81651248350789,23,47,34.53947203432169,B_N_Y,S
KOTN50,2023-03-29,24.91,10,48,24.86059972470424,25.779511890500615,23,47,41.87583985903109,B_N_Y,S
KOTN50,2023-03-31,25.1,10,48,24.90412704748529,25.751776651277556,23,47,44.06059774489618,B_N_Y,S
KOTN50,2023-04-03,25.2,10,48,24.957922129760693,25.729255108559762,23,47,45.19410793893563,B_N_Y,S
KOTN50,2023-04-05,25.2,10,48,25.00193628798602,25.70765281622174,23,47,45.19410793893563,B_N_Y,S
KOTN50,2023-04-06,25.31,10,48,25.05794787198856,25.69142205803337,23,47,46.497528151860614,B_N_Y,S
KOTN50,2023-04-10,25.27,10,48,25.096502804354277,25.674221126197857,23,47,46.08089809629994,B_N_Y,S
KOTN50,2023-04-11,25.41,10,48,25.153502294471682,25.663436571486496,23,47,47.79259183990563,B_N_Y,S
KOTN50,2023-04-12,25.47,10,48,25.21104733184047,25.65554118791596,23,47,48.524758877664915,B_N_Y,S
KOTN50,2023-04-13,25.58,10,48,25.278129635142204,25.65245786913937,23,47,49.87218029229761,B_N_Y,S
KOTN50,2023-04-17,25.89,10,48,25.389378792389074,25.662153481350362,23,47,53.4613423806373,B_N_Y,S
KOTN50,2023-04-18,26.02,10,48,25.504037193772877,25.676759483425613,23,47,54.8777612665949,B_N_Y,S
KOTN50,2023-04-19,26.04,10,48,25.60148497672326,25.691585648108905,23,47,55.09756725806604,B_N_Y,S
KOTN50,2023-04-20,25.92,10,48,25.659396799137216,25.70090869563654,23,47,53.46389151837188,B_N_Y,S
KOTN50,2023-04-21,25.82,10,48,25.688597381112267,25.70576957158198,23,47,52.11759201067215,B_N_Y,S
KOTN50,2023-04-24,26.02,10,48,25.748852402728218,25.71859531950004,23,47,54.51260219138033,B_N_Y,B_N_Y
KOTN50,2023-04-25,25.99,10,48,25.792697420413997,25.729673074937477,23,47,54.08834279409495,B_N_Y,B_N_Y
KOTN50,2023-04-26,26.26,10,48,25.87766152579327,25.751319096949203,23,47,57.220999834593464,B_N_Y,B_N_Y
KOTN50,2023-04-27,26.66,10,48,26.019904884739947,25.788408154603434,23,47,61.309768953490575,B_N_Y,B_N_Y
KOTN50,2023-04-28,26.74,10,48,26.150831269332684,25.827248679476757,23,47,62.067831054717225,B_N_Y,B_N_Y
KOTN50,2023-05-02,26.92,10,48,26.290680129454014,25.871850819779326,23,47,63.739038827336245,B_N_Y,B_N_Y
KOTN50,2023-05-03,27.06,10,48,26.430556469553284,25.920346752230273,23,47,64.99315126335321,B_N_Y,B_N_Y
KOTN50,2023-05-04,27.33,10,48,26.59409165690723,25.97788367359134,23,47,67.27515152865297,B_N_Y,B_N_Y
KOTN50,2023-05-05,27.29,10,48,26.72062044656046,26.031439490322114,23,47,66.60270780992124,B_N_Y,B_N_Y
KOTN50,2023-05-08,27.33,10,48,26.83141672900401,26.084442005960458,23,47,66.94809238809574,B_N_Y,B_N_Y
KOTN50,2023-05-09,27.2,10,48,26.8984318691851,26.129975023094392,23,47,64.67550784023649,B_N_Y,B_N_Y
KOTN50,2023-05-10,27.21,10,48,26.955080620242356,26.174057710301685,23,47,64.77167695441034,B_N_Y,B_N_Y
KOTN50,2023-05-11,27.27,10,48,27.0123386892892,26.21879008280925,23,47,65.36317614591553,B_N_Y,B_N_Y
KOTN50,2023-05-12,27.23,10,48,27.051913473054803,26.26006398720613,23,47,64.60711584425718,B_N_Y,B_N_Y
KOTN50,2023-05-15,27.24,10,48,27.086111023408474,26.30006140357891,23,47,64.71379349010812,B_N_Y,B_N_Y
KOTN50,2023-05-16,27.41,10,48,27.144999928243298,26.34536505028322,23,47,66.50792235925051,B_N_Y,B_N_Y
KOTN50,2023-05-17,27.53,10,48,27.21499994128997,26.393717528458765,23,47,67.71916433181144,B_N_Y,B_N_Y
KOTN50,2023-05-18,27.42,10,48,27.252272679237254,26.43560663489619,23,47,65.45076180376589,B_N_Y,B_N_Y
KOTN50,2023-05-19,27.3,10,48,27.260950373921393,26.470888017714827,23,47,63.04232919341228,B_N_Y,B_N_Y
KOTN50,2023-05-22,27.44,10,48,27.293504851390228,26.510443631387595,23,47,64.62981226529598,B_N_Y,B_N_Y
KOTN50,2023-05-23,27.43,10,48,27.31832215113746,26.547976564924014,23,47,64.42316783418295,B_N_Y,B_N_Y
KOTN50,2023-05-24,27.43,10,48,27.338627214567012,26.583977540347693,23,47,64.42316783418295,B_N_Y,B_N_Y
KOTN50,2023-05-25,27.59,10,48,27.38433135737301,26.625039702224186,23,47,66.30707632179113,B_N_Y,B_N_Y
KOTN50,2023-05-26,27.89,10,48,27.47627111057792,26.676670759711254,23,47,69.47552818064348,B_N_Y,B_N_Y
KOTN50,2023-05-29,28.16,10,48,27.600585454109208,26.737214838369855,23,47,71.95684884419333,B_N_Y,B_N_Y
KOTN50,2023-05-30,28.17,10,48,27.7041153715439,26.79569589134919,23,47,72.04483981524534,B_N_Y,B_N_Y
KOTN50,2023-05-31,28.28,10,48,27.808821667626827,26.856279758328302,23,47,73.01843036311772,B_N_Y,B_N_Y
KOTN50,2023-06-01,28.39,10,48,27.914490455331038,26.91888061009941,23,47,73.96631432670385,B_N_Y,B_N_Y
KOTN50,2023-06-02,28.59,10,48,28.037310372543576,26.987089591523663,23,47,75.59595638022515,B_N_Y,B_N_Y
KOTN50,2023-06-05,28.73,10,48,28.163253941172016,27.058228818614495,23,47,76.6649344289005,B_N_Y,B_N_Y
KOTN50,2023-06-06,28.84,10,48,28.28629867914074,27.13095419918197,23,47,77.47539876788363,B_N_Y,B_N_Y
KOTN50,2023-06-07,29.04,10,48,28.423335282933333,27.20887446290169,23,47,78.87035189497661,B_N_Y,B_N_Y
KOTN50,2023-06-08,29.0,10,48,28.528183413309087,27.28198165193595,23,47,77.86211210028483,B_N_Y,B_N_Y
KOTN50,2023-06-09,29.02,10,48,28.617604610889256,27.35292119892167,23,47,78.00906189107211,B_N_Y,B_N_Y
KOTN50,2023-06-12,29.11,10,48,28.707131045273027,27.42463872289749,23,47,78.67500836922775,B_N_Y,B_N_Y
KOTN50,2023-06-13,29.32,10,48,28.818561764314293,27.502000430327172,23,47,80.14195401622969,B_N_Y,B_N_Y
KOTN50,2023-06-14,29.33,10,48,28.911550534438963,27.576612678614122,23,47,80.2097279630998,B_N_Y,B_N_Y
KOTN50,2023-06-15,29.4,10,48,29.000359528177334,27.651036670963,23,47,80.69197255775079,B_N_Y,B_N_Y
KOTN50,2023-06-16,29.83,10,48,29.151203250326912,27.7399739726782,23,47,83.30465472097764,B_N_Y,B_N_Y
KOTN50,2023-06-19,29.94,10,48,29.294620841176563,27.829770975639352,23,47,83.88774316419973,B_N_Y,B_N_Y
KOTN50,2023-06-20,29.99,10,48,29.421053415508098,27.917943609838236,23,47,84.15078764110041,B_N_Y,B_N_Y
KOTN50,2023-06-21,30.08,10,48,29.540861885415715,28.006190829557863,23,47,84.62319492017227,B_N_Y,B_N_Y
KOTN50,2023-06-22,29.68,10,48,29.56615972443104,28.07450958615006,23,47,74.32905337992518,B_N_Y,B_N_Y
KOTN50,2023-06-23,29.34,10,48,29.525039774534484,28.12616226693862,23,47,67.07794272556302,B_N_Y,B_N_Y
KOTN50,2023-06-26,29.35,10,48,29.49321436098276,28.176114837522885,23,47,67.17640238944318,B_N_Y,B_N_Y
KOTN50,2023-06-27,29.51,10,48,29.49626629534953,28.230559140376695,23,47,68.74020744300873,B_N_Y,B_N_Y
KOTN50,2023-06-28,29.82,10,48,29.555126968922337,28.295434289514088,23,47,71.49138960856709,B_N_Y,B_N_Y
KOTN50,2023-06-30,29.98,10,48,29.632376610936458,28.364192085824694,23,47,72.78386746448962,B_N_Y,B_N_Y
KOTN50,2023-07-03,30.47,10,48,29.784671772584375,28.450143443899634,23,47,76.23364364697005,B_N_Y,B_N_Y
KOTN50,2023-07-04,30.58,10,48,29.929276904841757,28.537076378758847,23,47,76.92023395832453,B_N_Y,B_N_Y
KOTN50,2023-07-05,30.92,10,48,30.109408376688716,28.6343385826219,23,47,78.89083001857252,B_N_Y,B_N_Y
KOTN50,2023-07-06,31.14,10,48,30.296788671836225,28.736610492580628,23,47,80.04348625063938,B_N_Y,B_N_Y
KOTN50,2023-07-07,31.01,10,48,30.42646345877509,28.829401914424377,23,47,77.43149267905184,B_N_Y,B_N_Y
KOTN50,2023-07-10,30.73,10,48,30.48165192081598,28.906977357216178,23,47,72.13132224095014,B_N_Y,B_N_Y
KOTN50,2023-07-11,31.15,10,48,30.603169753394894,28.99852931396308,23,47,74.832811921933,B_N_Y,B_N_Y
KOTN50,2023-07-12,31.37,10,48,30.742593434595825,29.095324048156986,23,47,76.10144806895197,B_N_Y,B_N_Y
KOTN50,2023-07-13,31.18,10,48,30.82212190103295,29.18041287290161,23,47,72.78859774254754,B_N_Y,B_N_Y
KOTN50,2023-07-14,31.41,10,48,30.92900882811787,29.271416439761907,23,47,74.20944989719676,B_N_Y,B_N_Y
KOTN50,2023-07-17,31.56,10,48,31.043734495732803,29.36482802413695,23,47,75.0960638079008,B_N_Y,B_N_Y
KOTN50,2023-07-18,31.47,10,48,31.121237314690475,29.45075342016037,23,47,73.51087165644974,B_N_Y,B_N_Y
KOTN50,2023-07-19,31.88,10,48,31.25919416656493,29.549906352028643,23,47,75.93065009424181,B_N_Y,B_N_Y
KOTN50,2023-07-20,31.9,10,48,31.375704318098585,29.645828551245774,23,47,76.04226059731951,B_N_Y,B_N_Y
KOTN50,2023-07-21,31.75,10,48,31.443758078444297,29.731713108336674,23,47,73.3744678452771,B_N_Y,B_N_Y
KOTN50,2023-07-24,32.0,10,48,31.54489297327261,29.824296255211546,23,47,74.90831072534446,B_N_Y,B_N_Y
KOTN50,2023-07-25,31.89,10,48,31.607639705404868,29.90861070114651,23,47,72.97451052695024,B_N_Y,B_N_Y
KOTN50,2023-07-26,32.21,10,48,31.717159758967618,30.002544966120634,23,47,74.94190772977394,B_N_Y,B_N_Y
KOTN50,2023-07-27,32.19,10,48,31.8031307118826,30.091828852236898,23,47,74.58712089398577,B_N_Y,B_N_Y
KOTN50,2023-07-28,32.48,10,48,31.926197855176667,30.189305233136373,23,47,76.28876993987058,B_N_Y,B_N_Y
KOTN50,2023-07-31,32.89,10,48,32.10143460878091,30.29953768075869,23,47,78.4241494149965,B_N_Y,B_N_Y
KOTN50,2023-08-01,32.76,10,48,32.22117377082074,30.399964721326512,23,47,76.15083096178024,B_N_Y,B_N_Y
KOTN50,2023-08-02,32.52,10,48,32.2755058124897,30.486496779409514,23,47,72.1160898289336,B_N_Y,B_N_Y
KOTN50,2023-08-03,32.14,10,48,32.25086839203703,30.553986711188585,23,47,66.30121923746792,B_N_Y,B_N_Y
KOTN50,2023-08-04,32.5,10,48,32.296165048030296,30.633415829993705,23,47,68.79339392786669,B_N_Y,B_N_Y
KOTN50,2023-08-07,32.53,10,48,32.338680493842965,30.710827433421212,23,47,68.99317095993695,B_N_Y,B_N_Y
KOTN50,2023-08-08,32.72,10,48,32.40801131314424,30.792834481681787,23,47,70.25402475977535,B_N_Y,B_N_Y
KOTN50,2023-08-09,32.72,10,48,32.4647365289362,30.871494303104768,23,47,70.25402475977535,B_N_Y,B_N_Y
KOTN50,2023-08-10,32.46,10,48,32.46387534185689,30.936331273763233,23,47,66.2262288213879,B_N_Y,B_N_Y
KOTN50,2023-08-11,32.59,10,48,32.48680709788291,31.003827959899972,23,47,67.20894212941494,B_N_Y,B_N_Y
KOTN50,2023-08-14,32.34,10,48,32.46011489826783,31.05836559685058,23,47,63.49456784508904,B_N_Y,B_N_Y
KOTN50,2023-08-16,32.53,10,48,32.47282128040095,31.118432309994166,23,47,65.03014344495466,B_N_Y,B_N_Y
KOTN50,2023-08-17,32.49,10,48,32.475944683964414,31.17441466720117,23,47,64.43360602512188,B_N_Y,B_N_Y
KOTN50,2023-08-18,32.47,10,48,32.47486383233452,31.22729570346975,23,47,64.12611456017311,B_N_Y,B_N_Y
KOTN50,2023-08-21,32.54,10,48,32.48670677191006,31.280875472887782,23,47,64.74179314695584,B_N_Y,B_N_Y
KOTN50,2023-08-22,32.87,10,48,32.5563964497446,31.345737701053526,23,47,67.49154216030593,B_N_Y,B_N_Y
KOTN50,2023-08-23,33.18,10,48,32.66977891342739,31.420605552834733,23,47,69.80430337753373,B_N_Y,B_N_Y
KOTN50,2023-08-24,33.04,10,48,32.73709183825877,31.48670328778098,23,47,67.53579725109098,B_N_Y,B_N_Y
KOTN50,2023-08-25,32.8,10,48,32.74852968584809,31.540307237092314,23,47,63.81877966560045,B_N_Y,B_N_Y
KOTN50,2023-08-28,32.84,10,48,32.76516065205753,31.593355923071353,23,47,64.16245843077502,B_N_Y,B_N_Y
KOTN50,2023-08-29,32.98,10,48,32.804222351683435,31.64995364231728,23,47,65.36622564608314,B_N_Y,B_N_Y
KOTN50,2023-08-30,33.2,10,48,32.876181924104635,31.713220842541762,23,47,67.17746648630055,B_N_Y,B_N_Y
KOTN50,2023-08-31,33.52,10,48,32.993239756085615,31.7869669327834,23,47,69.59541944944668,B_N_Y,B_N_Y
KOTN50,2023-09-01,33.89,10,48,33.156287073160954,31.872805019595834,23,47,72.08155011259886,B_N_Y,B_N_Y
KOTN50,2023-09-04,34.28,10,48,33.360598514404415,31.971057878613642,23,47,74.38923020824527,B_N_Y,B_N_Y
KOTN50,2023-09-05,34.61,10,48,33.58776242087634,32.07876980474814,23,47,76.13430062640249,B_N_Y,B_N_Y
KOTN50,2023-09-06,34.54,10,48,33.76089652617155,32.17922818258067,23,47,75.00099613207884,B_N_Y,B_N_Y
KOTN50,2023-09-07,34.66,10,48,33.92436988504945,32.28048417756099,23,47,75.65059165434532,B_N_Y,B_N_Y
KOTN50,2023-09-08,34.93,10,48,34.10721172413137,32.3886276830097,23,47,77.05318083749572,B_N_Y,B_N_Y
KOTN50,2023-09-11,35.69,10,48,34.394991410652935,32.52337757647748,23,47,80.3791280960636,B_N_Y,B_N_Y
KOTN50,2023-09-12,34.3,10,48,34.37772024507967,32.595892778974964,23,47,62.93681779029357,B_N_Y,B_N_Y
KOTN50,2023-09-13,34.42,10,48,34.38540747324701,32.67034613644922,23,47,63.64877094339054,B_N_Y,B_N_Y
KOTN50,2023-09-14,34.82,10,48,34.464424296293004,32.758087112183134,23,47,65.9294873261419,B_N_Y,B_N_Y
KOTN50,2023-09-15,34.64,10,48,34.49634715151246,32.834899884551554,23,47,64.03925103949574,B_N_Y,B_N_Y
KOTN50,2023-09-18,34.95,10,48,34.578829487601105,32.9212305030579,23,47,65.80447578583966,B_N_Y,B_N_Y
KOTN50,2023-09-20,34.71,10,48,34.60267867167363,32.994241504189844,23,47,63.289924156169185,B_N_Y,B_N_Y
KOTN50,2023-09-21,34.31,10,48,34.54946436773297,33.04794593347696,23,47,59.33899523628267,B_N_Y,B_N_Y
KOTN50,2023-09-22,34.55,10,48,34.54956175541788,33.10925426369372,23,47,60.87120260657727,B_N_Y,B_N_Y
KOTN50,2023-09-25,34.54,10,48,34.547823254432814,33.16765204973616,23,47,60.77144800490056,B_N_Y,B_N_Y
KOTN50,2023-09-26,34.77,10,48,34.588219026354125,33.23305400784272,23,47,62.25865500569225,B_N_Y,B_N_Y
KOTN50,2023-09-27,35.2,10,48,34.69945193065338,33.313337518848705,23,47,64.86233617213202,B_N_Y,B_N_Y
KOTN50,2023-09-28,35.14,10,48,34.77955157962549,33.387895172140055,23,47,64.21608373368164,B_N_Y,B_N_Y
KOTN50,2023-09-29,35.17,10,48,34.85054220151177,33.460634145641045,23,47,64.40148667884904,B_N_Y,B_N_Y
KOTN50,2023-10-03,35.43,10,48,34.95589816487327,33.541016426402166,23,47,65.99771183840656,B_N_Y,B_N_Y
KOTN50,2023-10-04,34.94,10,48,34.95300758944177,33.5981177974286,23,47,60.64033982863985,B_N_Y,B_N_Y
KOTN50,2023-10-05,34.86,10,48,34.93609711863418,33.64962319403635,23,47,59.8116203331186,B_N_Y,B_N_Y
KOTN50,2023-10-06,34.95,10,48,34.938624915246145,33.70269979893908,23,47,60.44735967344017,B_N_Y,B_N_Y
KOTN50,2023-10-09,34.24,10,48,34.81160220338321,33.724630419619494,23,47,53.47115590510432,B_N_Y,B_N_Y
KOTN50,2023-10-10,34.86,10,48,34.82040180276808,33.77097203560927,23,47,57.90620470105954,B_N_Y,B_N_Y
KOTN50,2023-10-11,35.19,10,48,34.88760147499207,33.82889154491621,23,47,60.026404355799436,B_N_Y,B_N_Y
KOTN50,2023-10-12,35.26,10,48,34.95531029772078,33.88730413545777,23,47,60.467971780081626,B_N_Y,B_N_Y
KOTN50,2023-10-13,35.05,10,48,34.97252660722609,33.93476110994008,23,47,58.44316336680986,B_N_Y,B_N_Y
KOTN50,2023-10-16,35.26,10,48,35.02479449682134,33.98885249366631,23,47,59.848766079512245,B_N_Y,B_N_Y
KOTN50,2023-10-17,35.59,10,48,35.127559133762915,34.054205453639824,23,47,61.96241495237791,B_N_Y,B_N_Y
KOTN50,2023-10-18,35.43,10,48,35.18254838216966,34.110360333521,23,47,60.35200355270918,B_N_Y,B_N_Y
KOTN50,2023-10-19,35.36,10,48,35.21481231268426,34.16136603457513,23,47,59.642995512350915,B_N_Y,B_N_Y
KOTN50,2023-10-20,35.07,10,48,35.188482801287115,34.19845313547081,23,47,56.75517594111741,B_N_Y,B_N_Y
KOTN50,2023-10-23,34.05,10,48,34.981485928325824,34.19239382377724,23,47,48.177624698451105,B_N_Y,B_N_Y
KOTN50,2023-10-25,33.63,10,48,34.73576121408477,34.169438973675625,23,47,45.23467019001355,B_N_Y,B
KOTN50,2023-10-26,33.34,10,48,34.481986447887536,34.13558432147451,23,47,43.324274514192275,B_N_Y,B
KOTN50,2023-10-27,34.02,10,48,34.39798891190798,34.130866594038736,23,47,48.641446985253225,B_N_Y,B_N_Y
KOTN50,2023-10-30,34.01,10,48,34.32744547337926,34.12593326364107,23,47,48.57138855193339,B_N_Y,B_N_Y
KOTN50,2023-10-31,33.99,10,48,34.266091750946664,34.12038496713493,23,47,48.42555291112425,B_N_Y,B_N_Y
KOTN50,2023-11-01,33.86,10,48,34.19225688713818,34.10975700923573,23,47,47.45726529937205,B_N_Y,B_N_Y
KOTN50,2023-11-02,34.59,10,48,34.26457381674942,34.129358764061564,23,47,52.977074834331084,B_N_Y,B_N_Y
KOTN50,2023-11-03,34.85,10,48,34.3710149409768,34.15877269220409,23,47,54.74723350686391,B_N_Y,B_N_Y
KOTN50,2023-11-06,35.18,10,48,34.51810313352647,34.20045543965821,23,47,56.900135251457826,B_N_Y,B_N_Y
KOTN50,2023-11-07,35.18,10,48,34.638448018339844,34.24043685046578,23,47,56.900135251457826,B_N_Y,B_N_Y
KOTN50,2023-11-08,35.59,10,48,34.81145746955078,34.295521060890536,23,47,59.51558947003801,B_N_Y,B_N_Y
KOTN50,2023-11-09,35.65,10,48,34.96391974781427,34.35080591577881,23,47,59.88799671062999,B_N_Y,B_N_Y
KOTN50,2023-11-10,35.94,10,48,35.14138888457531,34.415670980700575,23,47,61.66965701590408,B_N_Y,B_N_Y
KOTN50,2023-11-12,36.2,10,48,35.333863632834344,34.488500736870016,23,47,63.20165889518188,B_N_Y,B_N_Y
KOTN50,2023-11-13,36.52,10,48,35.54952479050083,34.571419074446034,23,47,65.00155377781508,B_N_Y,B_N_Y
KOTN50,2023-11-15,36.99,10,48,35.811429374046135,34.67013666359291,23,47,67.44650164362244,B_N_Y,B_N_Y
KOTN50,2023-11-16,37.13,10,48,36.05116948785593,34.77053924909262,23,47,68.13961956658784,B_N_Y,B_N_Y
KOTN50,2023-11-17,37.19,10,48,36.25822958097303,34.869292749450636,23,47,68.44068809370111,B_N_Y,B_N_Y
KOTN50,2023-11-20,37.35,10,48,36.45673329352339,34.97054610693159,23,47,69.25075837062813,B_N_Y,B_N_Y
KOTN50,2023-11-21,37.13,10,48,36.579145421973685,35.05868708242246,23,47,66.78647007133632,B_N_Y,B_N_Y
KOTN50,2023-11-22,36.8,10,48,36.61930079979665,35.129761079262146,23,47,63.256519008916925,B_N_Y,B_N_Y
KOTN50,2023-11-23,36.86,10,48,36.66306429074272,35.200383076221264,23,47,63.62199723807957,B_N_Y,B_N_Y
KOTN50,2023-11-24,37.03,10,48,36.729779874244045,35.275061318205225,23,47,64.66314398643988,B_N_Y,B_N_Y
KOTN50,2023-11-28,37.0,10,48,36.778910806199676,35.34546697886486,23,47,64.32350286140277,B_N_Y,B_N_Y
KOTN50,2023-11-29,37.3,10,48,36.87365429598155,35.42524383706407,23,47,66.18059954154936,B_N_Y,B_N_Y
KOTN50,2023-11-30,37.75,10,48,37.03298987853036,35.5201318439355,23,47,68.73292458606602,B_N_Y,B_N_Y
KOTN50,2023-12-01,38.22,10,48,37.24880990061575,35.6303305444292,23,47,71.1133660941201,B_N_Y,B_N_Y
KOTN50,2023-12-04,39.13,10,48,37.590844464140154,35.773174195983046,23,47,74.9705492568968,B_N_Y,B_N_Y
KOTN50,2023-12-05,39.16,10,48,37.87614547066013,35.91141198418621,23,47,75.08521021586827,B_N_Y,B_N_Y
KOTN50,2023-12-06,39.23,10,48,38.122300839631016,36.04686455652726,23,47,75.36055516173919,B_N_Y,B_N_Y
KOTN50,2023-12-07,39.37,10,48,38.349155232425375,36.182502738149964,23,47,75.917054479215,B_N_Y,B_N_Y
KOTN50,2023-12-08,39.38,10,48,38.53658155380258,36.31301283070707,23,47,75.95760426632799,B_N_Y,B_N_Y
KOTN50,2023-12-11,39.93,10,48,38.789930362202114,36.460644960322796,23,47,78.07982626435322,B_N_Y,B_N_Y
KOTN50,2023-12-12,39.89,10,48,38.98994302361991,36.600618635645226,23,47,77.55929195087462,B_N_Y,B_N_Y
KOTN50,2023-12-13,40.24,10,48,39.21722611023447,36.74916481401991,23,47,78.84917698659403,B_N_Y,B_N_Y
KOTN50,2023-12-14,40.88,10,48,39.51954863564639,36.917770332073864,23,47,80.94320025811001,B_N_Y,B_N_Y
KOTN50,2023-12-15,41.1,10,48,39.806903429165224,37.08847358407732,23,47,81.59793975866465,B_N_Y,B_N_Y
KOTN50,2023-12-18,41.15,10,48,40.05110280568064,37.254250172716475,23,47,81.74694672490773,B_N_Y,B_N_Y
KOTN50,2023-12-19,41.04,10,48,40.23090229555689,37.40877057403943,23,47,80.25234428060841,B_N_Y,B_N_Y
KOTN50,2023-12-20,39.73,10,48,40.139829150910174,37.50351463236502,23,47,65.37153373011974,B_N_Y,B_N_Y
KOTN50,2023-12-21,40.19,10,48,40.14895112347196,37.61316709648679,23,47,67.5784902914936,B_N_Y,B_N_Y
KOTN50,2023-12-22,40.41,10,48,40.19641455556796,37.72732354166463,23,47,68.57973531860895,B_N_Y,B_N_Y
KOTN50,2023-12-26,40.49,10,48,40.24979372728288,37.8400858462158,23,47,68.94433844196567,B_N_Y,B_N_Y
KOTN50,2023-12-27,40.54,10,48,40.302558504140535,37.950286424042496,23,47,69.17803698937594,B_N_Y,B_N_Y
KOTN50,2023-12-28,40.81,10,48,40.394820594296796,38.06700942726595,23,47,70.43408285500149,B_N_Y,B_N_Y
KOTN50,2023-12-29,40.96,10,48,40.49758048624283,38.18509067525215,23,47,71.11769489794064,B_N_Y,B_N_Y
KOTN50,2024-01-01,40.89,10,48,40.56892948874414,38.295495137593925,23,47,70.32439700174683,B_N_Y,B_N_Y
KOTN50,2024-01-02,40.74,10,48,40.60003321806339,38.39527084635646,23,47,68.60987280210846,B_N_Y,B_N_Y
KOTN50,2024-01-03,40.9,10,48,40.65457263296096,38.49750468945362,23,47,69.44070778115713,B_N_Y,B_N_Y
KOTN50,2024-01-04,41.37,10,48,40.78465033605897,38.614749396106966,23,47,71.73795782067313,B_N_Y,B_N_Y
KOTN50,2024-01-05,41.74,10,48,40.95835027495734,38.74231064535027,23,47,73.38462770588447,B_N_Y,B_N_Y
KOTN50,2024-01-08,41.77,10,48,41.105922952237826,38.86588980278031,23,47,73.51543157459662,B_N_Y,B_N_Y
KOTN50,2024-01-09,41.81,10,48,41.23393696092185,38.98605756602298,23,47,73.69563364646461,B_N_Y,B_N_Y
KOTN50,2024-01-10,41.83,10,48,41.34231205893606,39.10213684912662,23,47,73.78885770096295,B_N_Y,B_N_Y
KOTN50,2024-01-11,41.94,10,48,41.45098259367496,39.21796799822242,23,47,74.3123288141494,B_N_Y,B_N_Y
KOTN50,2024-01-12,42.17,10,48,41.5817130311886,39.33845910041617,23,47,75.38684832747288,B_N_Y,B_N_Y
KOTN50,2024-01-15,42.81,10,48,41.805037934608855,39.480154647428634,23,47,78.05703803073885,B_N_Y,B_N_Y
KOTN50,2024-01-16,42.74,10,48,41.97503103740725,39.61320955986015,23,47,77.1006021071814,B_N_Y,B_N_Y
KOTN50,2024-01-17,42.59,10,48,42.086843576060474,39.73471121054964,23,47,75.04073470876193,B_N_Y,B_N_Y
KOTN50,2024-01-18,42.64,10,48,42.187417471322206,39.853294426512534,23,47,75.27097030560142,B_N_Y,B_N_Y
KOTN50,2024-01-19,43.71,10,48,42.46425065835454,40.010710980617695,23,47,79.50139452026144,B_N_Y,B_N_Y
KOTN50,2024-01-20,44.12,10,48,42.76529599319917,40.178437063128605,23,47,80.81607310408236,B_N_Y,B_N_Y
KOTN50,2024-01-23,43.41,10,48,42.88251490352659,40.3103375912299,23,47,72.40860724251604,B_N_Y,B_N_Y
KOTN50,2024-01-24,43.74,10,48,43.038421284703574,40.45032381206294,23,47,73.73626053387895,B_N_Y,B_N_Y
KOTN50,2024-01-25,43.52,10,48,43.12598105112111,40.57561671775047,23,47,71.3436059530375,B_N_Y,B_N_Y
KOTN50,2024-01-29,44.17,10,48,43.315802678189996,40.722326239539456,23,47,73.95416222361519,B_N_Y,B_N_Y
KOTN50,2024-01-30,44.44,10,48,43.52020219124636,40.87406802574471,23,47,74.94534886685929,B_N_Y,B_N_Y
KOTN50,2024-01-31,45.3,10,48,43.84380179283793,41.054718310481285,23,47,77.76326447652731,B_N_Y,B_N_Y
KOTN50,2024-02-01,45.29,10,48,44.10674692141285,41.22758695093689,23,47,77.65708821510181,B_N_Y,B_N_Y
KOTN50,2024-02-02,45.56,10,48,44.37097475388324,41.40442013667876,23,47,78.48624761875215,B_N_Y,B_N_Y
KOTN50,2024-02-05,45.23,10,48,44.5271611622681,41.56056625360477,23,47,74.93299033590391,B_N_Y,B_N_Y
KOTN50,2024-02-06,45.42,10,48,44.68949549640117,41.71809416167485,23,47,75.59796328863246,B_N_Y,B_N_Y
KOTN50,2024-02-07,45.73,10,48,44.87867813341914,41.88184542043579,23,47,76.65434474421104,B_N_Y,B_N_Y
KOTN50,2024-02-08,45.93,10,48,45.069827563706575,42.04707621965373,23,47,77.31667540070538,B_N_Y,B_N_Y
KOTN50,2024-02-09,45.22,10,48,45.097131643032654,42.17658331276822,23,47,69.9512508937466,B_N_Y,B_N_Y
KOTN50,2024-02-12,43.72,10,48,44.846744071572175,42.239579912265334,23,47,57.791454529441644,B_N_Y,B_N_Y
KOTN50,2024-02-13,44.6,10,48,44.801881513104505,42.33592358934252,23,47,61.85804412022019,B_N_Y,B_N_Y
KOTN50,2024-02-14,44.28,10,48,44.70699396526732,42.415273646941536,23,47,59.672417108006925,B_N_Y,B_N_Y
KOTN50,2024-02-15,44.79,10,48,44.72208597158236,42.512201253213625,23,47,61.91456443222722,B_N_Y,B_N_Y
KOTN50,2024-02-16,45.05,10,48,44.78170670402193,42.615784875556855,23,47,63.01065617722749,B_N_Y,B_N_Y
KOTN50,2024-02-19,45.27,10,48,44.870487303290666,42.72412018678412,23,47,63.92899039413918,B_N_Y,B_N_Y
KOTN50,2024-02-20,45.17,10,48,44.92494415723782,42.823952015917506,23,47,63.1835538778149,B_N_Y,B_N_Y
KOTN50,2024-02-21,44.78,10,48,44.89859067410367,42.90379070916266,23,47,60.31597777566412,B_N_Y,B_N_Y
KOTN50,2024-02-22,45.14,10,48,44.9424832788121,42.995064557787224,23,47,61.98112711320449,B_N_Y,B_N_Y
KOTN50,2024-02-23,45.41,10,48,45.02748631902808,43.09363335136657,23,47,63.192128464766114,B_N_Y,B_N_Y
KOTN50,2024-02-26,45.5,10,48,45.113397897386605,43.19185239826834,23,47,63.59621633634568,B_N_Y,B_N_Y
KOTN50,2024-02-27,45.53,10,48,45.189143734225404,43.28728699427488,23,47,63.734958094995555,B_N_Y,B_N_Y
KOTN50,2024-02-28,44.69,10,48,45.0983903280026,43.34454058635536,23,47,57.33809419612976,B_N_Y,B_N_Y
KOTN50,2024-02-29,44.78,10,48,45.040501177456676,43.403130766513996,23,47,57.812382899025444,B_N_Y,B_N_Y
KOTN50,2024-03-01,45.17,10,48,45.0640464179191,43.475247878096525,23,47,59.83528324752241,B_N_Y,B_N_Y
KOTN50,2024-03-02,45.26,10,48,45.09967434193381,43.548094903491645,23,47,60.29461028925179,B_N_Y,B_N_Y
KOTN50,2024-03-04,45.47,10,48,45.16700627976403,43.62654000948326,23,47,61.372213962743565,B_N_Y,B_N_Y
KOTN50,2024-03-05,45.24,10,48,45.18027786526148,43.69239551930966,23,47,59.52250047304162,B_N_Y,B_N_Y
KOTN50,2024-03-06,44.89,10,48,45.12750007157757,43.74127733485474,23,47,56.79905223241768,B_N_Y,B_N_Y
KOTN50,2024-03-07,45.23,10,48,45.14613642219983,43.80204152527682,23,47,58.717373353668776,B_N_Y,B_N_Y
KOTN50,2024-03-11,45.07,10,48,45.132293436345314,43.85379493241489,23,47,57.46205067344929,B_N_Y,B_N_Y
KOTN50,2024-03-12,44.4,10,48,44.99914917519162,43.87608901680882,23,47,52.54421887159015,B_N_Y,B_N_Y
KOTN50,2024-03-13,42.54,10,48,44.552031143338596,43.821554771218466,23,47,42.08955294193195,B_N_Y,B
KOTN50,2024-03-14,43.32,10,48,44.3280254809134,43.80108314790115,23,47,46.735850605421916,B_N_Y,B
KOTN50,2024-03-15,43.05,10,48,44.095657211656416,43.77042669288151,23,47,45.41715560402086,B_N_Y,B
KOTN50,2024-03-18,42.96,10,48,43.88917408226434,43.73734805235235,23,47,44.97492523921843,B_N_Y,B
KOTN50,2024-03-19,42.38,10,48,43.61477879457991,43.68194609102642,23,47,42.206106310093425,B_N_Y,S
KOTN50,2024-03-20,42.27,10,48,43.37027355920175,43.62431563832604,23,47,41.69712705123386,B_N_Y,S
KOTN50,2024-03-21,43.68,10,48,43.426587457528704,43.62658846941498,23,47,49.80837433150633,B_N_Y,S
KOTN50,2024-03-22,44.03,10,48,43.53629882888712,43.64305424617498,23,47,51.55733405535264,B_N_Y,S
KOTN50,2024-03-26,44.78,10,48,43.76242631454401,43.68946019531454,23,47,55.065100692067,B_N_Y,B_N_Y
KOTN50,2024-03-27,44.79,10,48,43.94925789371782,43.7343801873461,23,47,55.110410496035556,B_N_Y,B_N_Y
KOTN50,2024-03-28,45.43,10,48,44.21848373122367,43.80358915929645,23,47,57.94757540868981,B_N_Y,B_N_Y
KOTN50,2024-04-01,46.37,10,48,44.60966850736482,43.90834062218998,23,47,61.66769511486156,B_N_Y,B_N_Y
KOTN50,2024-04-02,47.14,10,48,45.06972877875304,44.04024508659967,23,47,64.36719845971606,B_N_Y,B_N_Y
KOTN50,2024-04-03,47.38,10,48,45.48977809170703,44.17656161368643,23,47,65.16655590538095,B_N_Y,B_N_Y
KOTN50,2024-04-04,47.63,10,48,45.87890934776029,44.31751828252468,23,47,65.9972460734567,B_N_Y,B_N_Y
KOTN50,2024-04-05,47.9,10,48,46.24638037544024,44.46374202610418,23,47,66.88879773655442,B_N_Y,B_N_Y
KOTN50,2024-04-08,47.65,10,48,46.501583943542016,44.593793371985214,23,47,65.233097084773,B_N_Y,B_N_Y
KOTN50,2024-04-09,47.38,10,48,46.661295953807105,44.70751609150252,23,47,63.459503892835116,B_N_Y,B_N_Y
KOTN50,2024-04-10,47.71,10,48,46.85196941675127,44.83006645512137,23,47,64.68633325104594,B_N_Y,B_N_Y
KOTN50,2024-04-12,47.48,10,48,46.966156795523766,44.938227007979236,23,47,63.14163173423575,B_N_Y,B_N_Y
KOTN50,2024-04-15,46.67,10,48,46.91231010542854,45.008911619902015,23,47,58.038783216834034,B_N_Y,B_N_Y
KOTN50,2024-04-16,46.63,10,48,46.86098099535063,45.07507849256228,23,47,57.79763333228702,B_N_Y,B_N_Y
KOTN50,2024-04-18,46.43,10,48,46.782620814377786,45.13038141123577,23,47,56.568999647845764,B_N_Y,B_N_Y
KOTN50,2024-04-19,46.15,10,48,46.66759884812728,45.1719984964933,23,47,54.862061913857936,B_N_Y,B_N_Y
KOTN50,2024-04-22,46.8,10,48,46.691671784831414,45.238447537455585,23,47,57.94204157179557,B_N_Y,B_N_Y
KOTN50,2024-04-23,47.27,10,48,46.79682236940752,45.32136804613425,23,47,60.00504974748769,B_N_Y,B_N_Y
KOTN50,2024-04-24,47.67,10,48,46.95558193860616,45.41723057486723,23,47,61.67757628990963,B_N_Y,B_N_Y
KOTN50,2024-04-25,47.95,10,48,47.136385222495946,45.5206089187541,23,47,62.815550473174774,B_N_Y,B_N_Y
KOTN50,2024-04-26,47.93,10,48,47.280678818405775,45.61895141186973,23,47,62.676567446717335,B_N_Y,B_N_Y
KOTN50,2024-04-29,48.2,10,48,47.44782812415018,45.724300333837874,23,47,63.806781550008544,B_N_Y,B_N_Y
KOTN50,2024-04-30,48.59,10,48,47.65549573794106,45.8412676671545,23,47,65.38946288783754,B_N_Y,B_N_Y
KOTN50,2024-05-02,49.18,10,48,47.93267833104269,45.977542456254575,23,47,67.62830890429285,B_N_Y,B_N_Y
KOTN50,2024-05-03,49.36,10,48,48.19219136176219,46.11560194784024,23,47,68.28270053593415,B_N_Y,B_N_Y
KOTN50,2024-05-06,48.75,10,48,48.29361111416906,46.22312839895195,23,47,63.719130936688245,B_N_Y,B_N_Y
KOTN50,2024-05-07,47.36,10,48,48.12386363886559,46.269531321445,23,47,54.96748087420295,B_N_Y,B_N_Y
KOTN50,2024-05-08,47.74,10,48,48.05407024998094,46.32955045118356,23,47,56.66845695382631,B_N_Y,B_N_Y
KOTN50,2024-05-09,47.12,10,48,47.884239295438945,46.36181369807485,23,47,53.23833414087448,B_N_Y,B_N_Y
KOTN50,2024-05-10,47.22,10,48,47.76346851445005,46.39684171039919,23,47,53.71079029942205,B_N_Y,B_N_Y
KOTN50,2024-05-13,47.12,10,48,47.64647423909549,46.426358375281545,23,47,53.1493870068661,B_N_Y,B_N_Y
KOTN50,2024-05-14,47.92,10,48,47.69620619562358,46.487323339557165,23,47,56.91578922406567,B_N_Y,B_N_Y
KOTN50,2024-05-15,48.49,10,48,47.84053234187384,46.56906524406682,23,47,59.35002016122623,B_N_Y,B_N_Y
KOTN50,2024-05-16,49.14,10,48,48.07679918880587,46.67400135655609,23,47,61.91531706118514,B_N_Y,B_N_Y
KOTN50,2024-05-17,49.78,10,48,48.386472063568434,46.800776811393085,23,47,64.23840653099349,B_N_Y,B_N_Y
KOTN50,2024-05-18,50.17,10,48,48.71074987019235,46.93829612521643,23,47,65.57612622463397,B_N_Y,B_N_Y
KOTN50,2024-05-21,50.61,10,48,49.05606807561192,47.08816158949608,23,47,67.03074958134906,B_N_Y,B_N_Y
KOTN50,2024-05-22,50.83,10,48,49.37860115277339,47.240889687886714,23,47,67.74325234360577,B_N_Y,B_N_Y
KOTN50,2024-05-23,51.5,10,48,49.764310034087316,47.414730925118796,23,47,69.81986695826029,B_N_Y,B_N_Y
KOTN50,2024-05-24,51.75,10,48,50.12534457334417,47.5916806832801,23,47,70.55922521231537,B_N_Y,B_N_Y
KOTN50,2024-05-27,51.68,10,48,50.4080091963725,47.75855085947538,23,47,70.05682775771919,B_N_Y,B_N_Y
KOTN50,2024-05-28,51.14,10,48,50.541098433395675,47.89656919174377,23,47,66.25234386817706,B_N_Y,B_N_Y
KOTN50,2024-05-29,51.22,10,48,50.66453508186918,48.03221942881742,23,47,66.53382721914454,B_N_Y,B_N_Y
KOTN50,2024-05-30,50.58,10,48,50.64916506698388,48.1362104725406,23,47,62.19511808461429,B_N_Y,B_N_Y
KOTN50,2024-05-31,51.37,10,48,50.78022596389591,48.26820188182641,23,47,65.1295737893621,B_N_Y,B_N_Y
KOTN50,2024-06-03,53.46,10,48,51.267457606823925,48.480112009101504,23,47,71.29264519325777,B_N_Y,B_N_Y
KOTN50,2024-06-04,51.19,10,48,51.25337440558321,48.59071968220075,23,47,59.37642052368625,B_N_Y,B_N_Y
KOTN50,2024-06-05,49.72,10,48,50.97457905911354,48.636812756397184,23,47,53.34044810463206,B_N_Y,B_N_Y
KOTN50,2024-06-06,51.44,10,48,51.05920104836563,48.75122856225981,23,47,58.50090470624535,B_N_Y,B_N_Y
KOTN50,2024-06-07,52.1,10,48,51.248437221390056,48.88791311074047,23,47,60.26390892932997,B_N_Y,B_N_Y
KOTN50,2024-06-10,52.41,10,48,51.45963045386459,49.031671759283164,23,47,61.07590909037839,B_N_Y,B_N_Y
KOTN50,2024-06-11,52.69,10,48,51.6833340077074,49.1809912793139,23,47,61.81277849735831,B_N_Y,B_N_Y
KOTN50,2024-06-12,52.98,10,48,51.91909146085151,49.33605285975155,23,47,62.57982723208785,B_N_Y,B_N_Y
KOTN50,2024-06-13,53.38,10,48,52.184711195242144,49.501111926701974,23,47,63.63318832644488,B_N_Y,B_N_Y
KOTN50,2024-06-14,54.21,10,48,52.55294552337993,49.693311439899496,23,47,65.72613345776395,B_N_Y,B_N_Y
KOTN50,2024-06-18,54.48,10,48,52.903319064583584,49.888686483170545,23,47,66.38407678316572,B_N_Y,B_N_Y
KOTN50,2024-06-19,53.96,10,48,53.09544287102293,50.054862545083296,23,47,63.913695172006584,B_N_Y,B_N_Y
KOTN50,2024-06-20,53.93,10,48,53.24718053083694,50.21303142079541,23,47,63.77056096716229,B_N_Y,B_N_Y
KOTN50,2024-06-21,54.19,10,48,53.41860225250295,50.37535666892741,23,47,64.49107797917655,B_N_Y,B_N_Y
KOTN50,2024-06-24,54.3,10,48,53.5788563884115,50.535546192645796,23,47,64.80070657826852,B_N_Y,B_N_Y
KOTN50,2024-06-25,54.05,10,48,53.664518863245775,50.6789932868245,23,47,63.48539131683683,B_N_Y,B_N_Y
KOTN50,2024-06-26,53.85,10,48,53.698242706292,50.80842213226108,23,47,62.42562968565517,B_N_Y,B_N_Y
KOTN50,2024-06-27,53.89,10,48,53.73310766878436,50.934200820741005,23,47,62.55632139871111,B_N_Y,B_N_Y
KOTN50,2024-06-28,54.06,10,48,53.7925426380963,51.06178446071153,23,47,63.126181871233435,B_N_Y,B_N_Y
KOTN50,2024-07-01,54.29,10,48,53.8829894311697,51.19354836027508,23,47,63.90322039857722,B_N_Y,B_N_Y
KOTN50,2024-07-02,54.13,10,48,53.9279004436843,51.31340352924411,23,47,62.93863854054677,B_N_Y,B_N_Y
KOTN50,2024-07-03,54.67,10,48,54.0628276357417,51.45040746682671,23,47,64.81268931165391,B_N_Y,B_N_Y
KOTN50,2024-07-04,55.59,10,48,54.340495338334115,51.619370427365254,23,47,67.72000790439797,B_N_Y,B_N_Y
KOTN50,2024-07-05,56.36,10,48,54.70767800409155,51.81286551196354,23,47,69.89638082866783,B_N_Y,B_N_Y
KOTN50,2024-07-08,56.8,10,48,55.088100185165814,52.01642202168026,23,47,71.06194538648764,B_N_Y,B_N_Y
KOTN50,2024-07-09,56.92,10,48,55.42117287877203,52.216568061612584,23,47,71.37792024934281,B_N_Y,B_N_Y
KOTN50,2024-07-10,56.61,10,48,55.63732326444985,52.39589181420059,23,47,69.33330905962475,B_N_Y,B_N_Y
KOTN50,2024-07-11,57.08,10,48,55.89962812545897,52.587079903417674,23,47,70.66520771437894,B_N_Y,B_N_Y
KOTN50,2024-07-12,57.11,10,48,56.11969573901188,52.771688886952376,23,47,70.74998099078121,B_N_Y,B_N_Y
KOTN50,2024-07-15,57.45,10,48,56.361569241009725,52.96264036095505,23,47,71.71835566959773,B_N_Y,B_N_Y
KOTN50,2024-07-16,57.38,10,48,56.54673846991705,53.14294075438612,23,47,71.21091169923126,B_N_Y,B_N_Y
KOTN50,2024-07-18,56.08,10,48,56.46187692993213,53.26282072359527,23,47,62.609870190052575,B_N_Y,B_N_Y
KOTN50,2024-07-19,54.88,10,48,56.17426294267175,53.32882804099977,23,47,56.07392363337521,B_N_Y,B_N_Y
KOTN50,2024-07-22,55.34,10,48,56.02257877127689,53.410916692387794,23,47,57.83780995082233,B_N_Y,B_N_Y
KOTN50,2024-07-23,54.91,10,48,55.820291721953815,53.472103766168075,23,47,55.65377982897632,B_N_Y,B_N_Y
KOTN50,2024-07-24,55.68,10,48,55.79478413614403,53.56222197979414,23,47,58.5817456293717,B_N_Y,B_N_Y
KOTN50,2024-07-25,55.4,10,48,55.72300520229966,53.63723332755786,23,47,57.14732101720795,B_N_Y,B_N_Y
KOTN50,2024-07-26,56.11,10,48,55.79336789279063,53.73816257949454,23,47,59.759394549525865,B_N_Y,B_N_Y
KOTN50,2024-07-29,57.09,10,48,56.02911918501052,53.87497227012778,23,47,63.01275571891336,B_N_Y,B_N_Y
KOTN50,2024-07-30,57.19,10,48,56.240188424099514,54.01027952440862,23,47,63.329033879113645,B_N_Y,B_N_Y
KOTN50,2024-07-31,57.76,10,48,56.51651780153597,54.16332933973924,23,47,65.10704701181234,B_N_Y,B_N_Y
KOTN50,2024-08-01,57.17,10,48,56.63533274671125,54.28605059117874,23,47,61.86130496990561,B_N_Y,B_N_Y
KOTN50,2024-08-02,56.62,10,48,56.63254497458193,54.38131383235533,23,47,58.995033706210215,B_N_Y,B_N_Y
KOTN50,2024-08-05,55.02,10,48,56.3393549792034,54.40738265552455,23,47,51.70847614585934,B_N_Y,B_N_Y
KOTN50,2024-08-06,53.62,10,48,55.844926801166416,54.37524458795205,23,47,46.45928186380673,B_N_Y,B
KOTN50,2024-08-07,55.09,10,48,55.70766738277252,54.404418278239774,23,47,51.827437637174995,B_N_Y,B_N_Y
KOTN50,2024-08-08,55.06,10,48,55.58990967681388,54.431176715862684,23,47,51.71680540294723,B_N_Y,B_N_Y
KOTN50,2024-08-09,55.84,10,48,55.6353806446659,54.488679707052064,23,47,54.36470383187452,B_N_Y,B_N_Y
KOTN50,2024-08-12,56.1,10,48,55.71985689109028,54.554447882274545,23,47,55.22049638017099,B_N_Y,B_N_Y
KOTN50,2024-08-13,55.54,10,48,55.687155638164775,54.594674499324626,23,47,52.983189491067314,B_N_Y,B_N_Y
KOTN50,2024-08-14,55.4,10,48,55.634945522134814,54.62754492792367,23,47,52.42800952346367,B_N_Y,B_N_Y
KOTN50,2024-08-16,56.14,10,48,55.726773609019396,54.68927778800852,23,47,55.03182265572721,B_N_Y,B_N_Y
KOTN50,2024-08-19,56.91,10,48,55.94190568010678,54.77991951094708,23,47,57.55884918856673,B_N_Y,B_N_Y
KOTN50,2024-08-20,56.92,10,48,56.11974101099646,54.86726973499018,23,47,57.591206681296086,B_N_Y,B_N_Y
KOTN50,2024-08-21,57.04,10,48,56.28706082717892,54.95595260294988,23,47,57.99299364764679,B_N_Y,B_N_Y
KOTN50,2024-08-22,57.16,10,48,56.44577704041911,55.045913721196946,23,47,58.40498337415944,B_N_Y,B_N_Y
KOTN50,2024-08-23,57.19,10,48,56.58109030579745,55.13342744686249,23,47,58.5113338141189,B_N_Y,B_N_Y
KOTN50,2024-08-26,57.32,10,48,56.71543752292519,55.22267530617433,23,47,58.986398933222915,B_N_Y,B_N_Y
KOTN50,2024-08-27,57.32,10,48,56.82535797330243,55.30828039571833,23,47,58.986398933222915,B_N_Y,B_N_Y
KOTN50,2024-08-28,57.81,10,48,57.004383796338345,55.410391399974834,23,47,60.83395013047566,B_N_Y,B_N_Y
KOTN50,2024-08-29,57.64,10,48,57.11995037882228,55.501395832629015,23,47,59.85596109847209,B_N_Y,B_N_Y
KOTN50,2024-08-30,57.91,10,48,57.26359576449096,55.599706206807525,23,47,60.89969106724898,B_N_Y,B_N_Y
KOTN50,2024-09-02,57.75,10,48,57.352032898219875,55.6874733004073,23,47,59.934298635186536,B_N_Y,B_N_Y
KOTN50,2024-09-03,57.78,10,48,57.42984509854353,55.77288255345197,23,47,60.058412571335225,B_N_Y,B_N_Y
KOTN50,2024-09-04,57.45,10,48,57.43350962608107,55.84133632678053,23,47,57.99247458716048,B_N_Y,B_N_Y
KOTN50,2024-09-05,57.37,10,48,57.42196242133906,55.903730762422185,23,47,57.49125684361115,B_N_Y,B_N_Y
KOTN50,2024-09-06,56.53,10,48,57.25978743564106,55.92929277211926,23,47,52.50945172989151,B_N_Y,B_N_Y
KOTN50,2024-09-09,56.44,10,48,57.110735174615414,55.95013796509401,23,47,52.00467917805365,B_N_Y,B_N_Y
KOTN50,2024-09-10,56.78,10,48,57.050601506503526,55.98400988488611,23,47,53.76023805739985,B_N_Y,B_N_Y
KOTN50,2024-09-11,56.66,10,48,56.9795830507756,56.011601318156096,23,47,53.04432072437985,B_N_Y,B_N_Y
KOTN50,2024-09-12,57.25,10,48,57.028749768816404,56.06214820312935,23,47,56.05255234759348,B_N_Y,B_N_Y
KOTN50,2024-09-13,57.52,10,48,57.11806799266796,56.121652358103695,23,47,57.35951211181991,B_N_Y,B_N_Y
KOTN50,2024-09-16,58.19,10,48,57.31296472127379,56.206074710834216,23,47,60.41366027207133,B_N_Y,B_N_Y
KOTN50,2024-09-17,58.14,10,48,57.463334771951274,56.28501043692267,23,47,60.07793557254855,B_N_Y,B_N_Y
KOTN50,2024-09-18,57.93,10,48,57.548182995232864,56.35215286806873,23,47,58.646908936941365,B_N_Y,B_N_Y
KOTN50,2024-09-19,57.43,10,48,57.526695177917794,56.39614662855575,23,47,55.36430537259032,B_N_Y,B_N_Y
KOTN50,2024-09-20,58.3,10,48,57.667296054660014,56.47385492943106,23,47,59.4890765097069,B_N_Y,B_N_Y
KOTN50,2024-09-23,59.02,10,48,57.91324222654001,56.57777921802576,23,47,62.48826083673217,B_N_Y,B_N_Y
KOTN50,2024-09-24,59.58,10,48,58.21628909444183,56.70031884177987,23,47,64.61822046700692,B_N_Y,B_N_Y
KOTN50,2024-09-25,58.7,10,48,58.30423653181604,56.781938480890936,23,47,59.10473484913024,B_N_Y,B_N_Y
KOTN50,2024-09-26,58.24,10,48,58.29255716239494,56.84145119595664,23,47,56.47155041920657,B_N_Y,B_N_Y
KOTN50,2024-09-27,58.64,10,48,58.355728587414035,56.91486135122375,23,47,58.16587649277315,B_N_Y,B_N_Y
KOTN50,2024-09-30,58.15,10,48,58.31832338970239,56.96527517362281,23,47,55.40398845140223,B_N_Y,B_N_Y
KOTN50,2024-10-01,58.14,10,48,58.28590095521105,57.01322312571986,23,47,55.34791618084098,B_N_Y,B_N_Y
KOTN50,2024-10-03,56.97,10,48,58.04664623608176,57.011458916506804,23,47,49.25096304975512,B_N_Y,B_N_Y
KOTN50,2024-10-04,56.45,10,48,57.75634692043053,56.98854222603713,23,47,46.85284695195838,B_N_Y,B
KOTN50,2024-10-07,54.88,10,48,57.233374753079524,56.90247927803559,23,47,40.611155604581484,B_N_Y,B
KOTN50,2024-10-08,56.43,10,48,57.08730661615597,56.88319440954434,23,47,47.790038622996406,B_N_Y,B_N_Y
KOTN50,2024-10-09,57.66,10,48,57.19143268594579,56.91490076017519,23,47,52.548639088589965,B_N_Y,B_N_Y
KOTN50,2024-10-10,57.54,10,48,57.25480856122837,56.94041501486193,23,47,52.064633941738755,B_N_Y,B_N_Y
KOTN50,2024-10-11,57.63,10,48,57.323025186459574,56.96856134078594,23,47,52.40833889326811,B_N_Y,B_N_Y
KOTN50,2024-10-14,58.01,10,48,57.44792969801238,57.01106904116204,23,47,53.868411302380444,B_N_Y,B_N_Y
KOTN50,2024-10-15,58.26,10,48,57.59557884382831,57.06204581499217,23,47,54.82172265577395,B_N_Y,B_N_Y
KOTN50,2024-10-16,57.94,10,48,57.658200872223155,57.09788067968637,23,47,53.34650054033512,B_N_Y,B_N_Y
KOTN50,2024-10-17,56.81,10,48,57.50398253181894,57.08613044786244,23,47,48.52579084884282,B_N_Y,B_N_Y
KOTN50,2024-10-18,56.82,10,48,57.37962207148822,57.07526798060274,23,47,48.56878986292188,B_N_Y,B_N_Y
KOTN50,2024-10-21,55.88,10,48,57.10696351303582,57.02648153241486,23,47,44.88415170501686,B_N_Y,B
KOTN50,2024-10-22,54.0,10,48,56.54206105612022,56.90295167394893,23,47,38.73914031494816,B_N_Y,S
KOTN50,2024-10-23,54.06,10,48,56.09077722773472,56.786912830114254,23,47,39.01770878853322,B_N_Y,S
KOTN50,2024-10-24,53.93,10,48,55.69790864087386,56.67030414317079,23,47,38.61991549798692,B_N_Y,S
KOTN50,2024-10-25,52.44,10,48,55.105561615260434,56.4976386679393,23,47,34.415567141894954,B_N_Y,S
KOTN50,2024-10-28,53.25,10,48,54.76818677612217,56.36508198761522,23,47,38.23694554582876,B_N_Y,S
KOTN50,2024-10-29,53.57,10,48,54.55033463500905,56.25099700852886,23,47,39.68835701869664,B_N_Y,S
KOTN50,2024-10-30,54.02,10,48,54.45391015591649,56.159935906139914,23,47,41.70245118461521,B_N_Y,S
KOTN50,2024-10-31,54.12,10,48,54.39319921847713,56.07667321609337,23,47,42.151263875076296,B_N_Y,S
KOTN50,2024-11-01,54.71,10,48,54.4507993605722,56.02089063584465,23,47,44.77377511079887,B_N_Y,S
KOTN50,2024-11-04,53.61,10,48,54.297926749559075,55.9224869364224,23,47,41.13865011930228,B_N_Y,S
KOTN50,2024-11-05,53.56,10,48,54.163758249639244,55.82605889820106,23,47,40.98054140725849,B_N_Y,S
KOTN50,2024-11-06,55.24,10,48,54.35943856788665,55.80213812684591,23,47,48.00071097058144,B_N_Y,S
KOTN50,2024-11-07,54.79,10,48,54.43772246463453,55.76082636656648,23,47,46.45339769133228,B_N_Y,S
KOTN50,2024-11-08,53.5,10,48,54.267227471064615,55.668547739359674,23,47,42.36098876741168,B_N_Y,S
KOTN50,2024-11-11,53.15,10,48,54.06409520359832,55.56574987244702,23,47,41.32824637266051,B_N_Y,S
KOTN50,2024-11-12,52.5,10,48,53.77971425748953,55.440617224592025,23,47,39.4604134928658,B_N_Y,S
KOTN50,2024-11-13,50.73,10,48,53.2252207561278,55.24834713379233,23,47,34.962064253661495,B_N_Y,S
KOTN50,2024-11-14,50.98,10,48,52.816998800468205,55.074128883433445,23,47,36.038729067626555,B_N_Y,S
KOTN50,2024-11-18,50.83,10,48,52.455726291292166,54.9008991330892,23,47,35.6683442917937,B_N_Y,S
KOTN50,2024-11-19,51.55,10,48,52.2910487837845,54.764127739901866,23,47,38.82345773971527,B_N_Y,S
KOTN50,2024-11-21,51.37,10,48,52.12358536855095,54.62559191378341,23,47,38.33209974785604,B_N_Y,S
KOTN50,2024-11-22,51.85,10,48,52.07384257426895,54.512302447914685,23,47,40.4338318715601,B_N_Y,S
KOTN50,2024-11-25,52.98,10,48,52.23859846985641,54.449759490856934,23,47,45.043597622559176,B_N_Y,S
KOTN50,2024-11-26,52.91,10,48,52.36067147533706,54.38691216469951,23,47,44.818968632729664,B_N_Y,S
KOTN50,2024-11-27,53.53,10,48,52.57327666163941,54.35193615797707,23,47,47.25462449973737,B_N_Y,S
KOTN50,2024-11-28,53.96,10,48,52.82540817770497,54.33593876377393,23,47,48.89035188870868,B_N_Y,S
KOTN50,2024-11-29,54.13,10,48,53.06260669084952,54.327533099946436,23,47,49.53717233628713,B_N_Y,S
KOTN50,2024-12-02,54.5,10,48,53.32395092887688,54.334572565254746,23,47,50.94964788011041,B_N_Y,S
KOTN50,2024-12-03,54.96,10,48,53.62141439635381,54.360100215652515,23,47,52.6714904676995,B_N_Y,S
KOTN50,2024-12-04,55.49,10,48,53.9611572333804,54.40621857419732,23,47,54.59153512133303,B_N_Y,S
KOTN50,2024-12-05,55.93,10,48,54.31912864549305,54.468413734434165,23,47,56.13600226468776,B_N_Y,S
KOTN50,2024-12-06,56.64,10,48,54.741105255403404,54.55704990853891,23,47,58.51629420796363,B_N_Y,B_N_Y
KOTN50,2024-12-09,56.98,10,48,55.148177027148236,54.65594583063936,23,47,59.613489831763786,B_N_Y,B_N_Y
KOTN50,2024-12-10,56.79,10,48,55.446690294939465,54.743050082450004,23,47,58.70635575357056,B_N_Y,B_N_Y
KOTN50,2024-12-11,57.02,10,48,55.73274660495047,54.83598681377858,23,47,59.48655495387521,B_N_Y,B_N_Y
KOTN50,2024-12-12,56.8,10,48,55.92679267677766,54.91615061729783,23,47,58.383461944018634,B_N_Y,B_N_Y
KOTN50,2024-12-13,56.53,10,48,56.03646673554536,54.98202202067343,23,47,57.026656851879856,B_N_Y,B_N_Y
KOTN50,2024-12-16,56.87,10,48,56.18801823817347,55.059082346360235,23,47,58.30238786836981,B_N_Y,B_N_Y
KOTN50,2024-12-17,56.72,10,48,56.28474219486921,55.12687490365166,23,47,57.51487501507879,B_N_Y,B_N_Y
KOTN50,2024-12-18,56.07,10,48,56.24569815943845,55.165369805543435,23,47,54.19834029164842,B_N_Y,B_N_Y
KOTN50,2024-12-19,55.92,10,48,56.18648031226782,55.19617103797024,23,47,53.45468241958213,B_N_Y,B_N_Y
KOTN50,2024-12-20,54.36,10,48,55.85439298276457,55.162041607849,23,47,46.51529038613507,B_N_Y,B
KOTN50,2024-12-23,54.29,10,48,55.5699578949892,55.126448072834755,23,47,46.23372893890845,B_N_Y,B
KOTN50,2024-12-24,54.17,10,48,55.31542009590025,55.08740937598436,23,47,45.73754956512524,B_N_Y,B
KOTN50,2024-12-26,54.22,10,48,55.11625280573657,55.052004911658464,23,47,45.9900415178528,B_N_Y,B
KOTN50,2024-12-27,54.31,10,48,54.969661386511746,55.02171899689689,23,47,46.45886929813838,B_N_Y,S
KOTN50,2024-12-30,54.22,10,48,54.83335931623688,54.98899577253375,23,47,46.0410486901691,B_N_Y,S
KOTN50,2024-12-31,54.18,10,48,54.714566713284725,54.95597553692013,23,47,45.849456391159585,B_N_Y,S
KOTN50,2025-01-01,54.53,10,48,54.68100912905114,54.93858878031114,23,47,47.83520186345056,B_N_Y,S
KOTN50,2025-01-02,55.09,10,48,54.755371105587294,54.94476883009436,23,47,50.85007313851046,B_N_Y,S
KOTN50,2025-01-03,54.88,10,48,54.77803090457142,54.94212520437623,23,47,49.72342399059816,B_N_Y,S
KOTN50,2025-01-06,53.36,10,48,54.520207103740255,54.8775486654221,23,47,42.58386149254372,B_N_Y,S
KOTN50,2025-01-07,53.44,10,48,54.32380581215112,54.81887320969058,23,47,43.033929754320894,B_N_Y,S
KOTN50,2025-01-08,52.56,10,48,54.00311384630547,54.726674303172594,23,47,39.47541363843634,B_N_Y,S
KOTN50,2025-01-09,51.61,10,48,53.56800223788629,54.59946310712473,23,47,36.10579372972244,B_N_Y,S
KOTN50,2025-01-10,50.22,10,48,52.95927455827061,54.42070951091555,23,47,31.935859669469338,B_N_Y,S
KOTN50,2025-01-13,48.02,10,48,52.061224638585045,54.15945606149042,23,47,26.81202664193455,B_N_Y,S
KOTN50,2025-01-14,49.19,10,48,51.53918379520595,53.95662112020509,23,47,32.806004820022295,B_N_Y,S
KOTN50,2025-01-15,49.49,10,48,51.16660492335033,53.77431005407426,23,47,34.24949904404944,B_N_Y,S
KOTN50,2025-01-16,49.87,10,48,50.93085857365026,53.614950460030414,23,47,36.06823143823265,B_N_Y,S
KOTN50,2025-01-17,50.24,10,48,50.80524792389567,53.47719738002917,23,47,37.81908618919605,B_N_Y,S
KOTN50,2025-01-20,50.82,10,48,50.80793011955101,53.36874034410961,23,47,40.48996999158788,B_N_Y,S
KOTN50,2025-01-21,48.94,10,48,50.468306461450815,53.18797543210514,23,47,35.34522704086143,B_N_Y,S
KOTN50,2025-01-22,47.88,10,48,49.997705286641576,52.97132337365187,23,47,32.88240531906064,B_N_Y,S
KOTN50,2025-01-23,48.49,10,48,49.723577052706744,52.78841221554363,23,47,35.58283535473355,B_N_Y,S
KOTN50,2025-01-24,47.63,10,48,49.34292667948734,52.5778647781745,23,47,33.59082761589694,B_N_Y,S
KOTN50,2025-01-27,45.92,10,48,48.72057637412601,52.30611519539187,23,47,30.08924357294036,B_N_Y,S
KOTN50,2025-01-28,45.17,10,48,48.07501703337582,52.01484518741669,23,47,28.716631984819173,B_N_Y,S
KOTN50,2025-01-29,46.77,10,48,47.837741209125674,51.800769873644576,23,47,35.29940032164234,B_N_Y,S
KOTN50,2025-01-30,46.54,10,48,47.60178826201192,51.586044572679484,23,47,34.81621369218031,B_N_Y,S
KOTN50,2025-01-31,48.08,10,48,47.688735850737025,51.44294071257011,23,47,40.51584684338895,B_N_Y,S
KOTN50,2025-02-01,47.58,10,48,47.66896569605756,51.28526966307745,23,47,39.348003837791836,B_N_Y,S
KOTN50,2025-02-03,46.14,10,48,47.390971933138005,51.07525865642123,23,47,36.20579347872043,B_N_Y,S
KOTN50,2025-02-04,46.97,10,48,47.31443158165837,50.90769707860811,23,47,39.13468431553639,B_N_Y,S
KOTN50,2025-02-05,47.7,10,48,47.38453493044776,50.776770667236356,23,47,41.60006632304587,B_N_Y,S
KOTN50,2025-02-06,47.04,10,48,47.321892215820895,50.62424941551242,23,47,40.06609381071239,B_N_Y,S
KOTN50,2025-02-07,47.02,10,48,47.26700272203528,50.47713719447109,23,47,40.01934347547964,B_N_Y,S
KOTN50,2025-02-10,46.0,10,48,47.036638590756134,50.29439690081921,23,47,37.67543152914108,B_N_Y,S
KOTN50,2025-02-11,44.48,10,48,46.57179521061866,50.05707457833679,23,47,34.52510937500939,B_N_Y,S
KOTN50,2025-02-12,44.48,10,48,46.19146880868799,49.829438881261815,23,47,34.52510937500941,B_N_Y,S
KOTN50,2025-02-13,44.52,10,48,45.88756538892654,49.61272709018991,23,47,34.682201705659025,B_N_Y,S
KOTN50,2025-02-14,43.05,10,48,45.37164440912171,49.34486067834541,23,47,31.754986623432842,B_N_Y,S
KOTN50,2025-02-17,42.86,10,48,44.91498178928139,49.08017248739253,23,47,31.396909727437347,B_N_Y,S
KOTN50,2025-02-18,42.22,10,48,44.42498510032114,48.80016544709079,23,47,30.19776740834341,B_N_Y,S
KOTN50,2025-02-19,43.43,10,48,44.24407871844457,48.58097502067892,23,47,35.09732612395361,B_N_Y,S
KOTN50,2025-02-20,44.0,10,48,44.199700769636465,48.39399644840631,23,47,37.265956681676,B_N_Y,S
KOTN50,2025-02-21,43.86,10,48,44.137936993338926,48.20893536887952,23,47,36.948939140971596,B_N_Y,S
KOTN50,2025-02-24,43.23,10,48,43.972857540004576,48.00571351708852,23,47,35.52710635984971,B_N_Y,S
KOTN50,2025-02-25,42.82,10,48,43.763247078185564,47.794051740880825,23,47,34.62068390767733,B_N_Y,S
KOTN50,2025-02-27,41.78,10,48,43.402656700333644,47.548580241253035,23,47,32.42672473737393,B_N_Y,S
KOTN50,2025-02-28,40.94,10,48,42.95490093663662,47.2788422722223,23,47,30.779670262863178,B_N_Y,S
KOTN50,2025-03-03,40.7,10,48,42.54491894815724,47.010318097845875,23,47,30.319661257221227,B_N_Y,S
KOTN50,2025-03-04,41.12,10,48,42.28584277576501,46.76989695099501,23,47,32.1742190758564,B_N_Y,S
KOTN50,2025-03-05,42.17,10,48,42.26478045289865,46.58214605503603,23,47,36.58549187948721,B_N_Y,S
KOTN50,2025-03-06,42.31,10,48,42.273002188735255,46.407772746667206,23,47,37.155238929048856,B_N_Y,S
KOTN50,2025-03-07,42.64,10,48,42.33972906351067,46.2539861039461,23,47,38.516505131433945,B_N_Y,S
KOTN50,2025-03-10,41.64,10,48,42.212505597417824,46.065660140519725,23,47,36.043142224426305,B_N_Y,S
KOTN50,2025-03-11,41.73,10,48,42.12477730697822,45.88869442049851,23,47,36.42725574418417,B_N_Y,S
KOTN50,2025-03-12,41.56,10,48,42.02209052389127,45.712013015580204,23,47,36.00029290640694,B_N_Y,S
KOTN50,2025-03-13,41.37,10,48,41.9035286104565,45.53478799453611,23,47,35.51391702377019,B_N_Y,S
KOTN50,2025-03-17,41.49,10,48,41.8283415903735,45.36969460700403,23,47,36.084091489589724,B_N_Y,S
KOTN50,2025-03-18,42.87,10,48,42.01773402848741,45.26766625569773,23,47,42.225665805919874,B_N_Y,S
KOTN50,2025-03-19,44.28,10,48,42.42905511421697,45.22735334730191,23,47,47.60362124353851,B_N_Y,S
KOTN50,2025-03-20,44.4,10,48,42.78740872981389,45.19358382292224,23,47,48.03401769275733,B_N_Y,S
KOTN50,2025-03-21,45.01,10,48,43.191516233484094,45.18609060566011,23,47,50.207638942639385,B_N_Y,S
KOTN50,2025-03-24,46.01,10,48,43.70396782739608,45.219719560531125,23,47,53.538333686316,B_N_Y,S
KOTN50,2025-03-25,44.99,10,48,43.93779185877861,45.21034325193802,23,47,49.97366907187658,B_N_Y,S
KOTN50,2025-03-26,44.57,10,48,44.05273879354613,45.18420679267524,23,47,48.581228741346955,B_N_Y,S
KOTN50,2025-03-27,44.8,10,48,44.18860446744683,45.16852488277013,23,47,49.38858924732206,B_N_Y,S
KOTN50,2025-03-28,44.35,10,48,44.217949109729226,45.135115703881546,23,47,47.851732781547184,B_N_Y,S
KOTN50,2025-04-01,43.6,10,48,44.105594726142094,45.07245792004964,23,47,45.39064584819633,B_N_Y,S
KOTN50,2025-04-02,44.4,10,48,44.15912295775262,45.045010658006795,23,47,48.35281477585337,B_N_Y,S
KOTN50,2025-04-03,44.59,10,48,44.23746423816124,45.02643879441467,23,47,49.039168596502854,B_N_Y,S
KOTN50,2025-04-04,42.94,10,48,44.00156164940464,44.94127802729571,23,47,43.75947195948151,B_N_Y,S
KOTN50,2025-04-07,41.66,10,48,43.57582316769471,44.807348311895886,23,47,40.24538028625572,B_N_Y,S
KOTN50,2025-04-08,42.39,10,48,43.360218955386586,44.70868103385933,23,47,42.97573310415172,B_N_Y,S
KOTN50,2025-04-09,41.67,10,48,43.05290641804357,44.58465323655895,23,47,41.04202526208561,B_N_Y,S
KOTN50,2025-04-11,43.07,10,48,43.056014342035645,44.52283065547491,23,47,45.98285497131274,B_N_Y,S
KOTN50,2025-04-15,44.47,10,48,43.31310264348371,44.52067430219022,23,47,50.33416682381071,B_N_Y,S
KOTN50,2025-04-16,44.96,10,48,43.612538526486674,44.53860596332531,23,47,51.75617952438881,B_N_Y,S
KOTN50,2025-04-17,45.06,10,48,43.87571333985274,44.559887352577334,23,47,52.04910124511247,B_N_Y,S
KOTN50,2025-04-21,45.96,10,48,44.25467455078861,44.61703480757418,23,47,54.64045236975289,B_N_Y,S
KOTN50,2025-04-22,46.77,10,48,44.71200645064523,44.70491093787727,23,47,56.83530734331411,B_N_Y,B_N_Y
KOTN50,2025-04-23,46.9,10,48,45.10982345961882,44.794506409800654,23,47,57.182937522110414,B_N_Y,B_N_Y
KOTN50,2025-04-24,46.56,10,48,45.37349192150631,44.86656737266593,23,47,55.950864800465794,B_N_Y,B_N_Y
KOTN50,2025-04-25,45.09,10,48,45.32194793577789,44.87568707174079,23,47,50.98540649169093,B_N_Y,B_N_Y
KOTN50,2025-04-28,45.92,10,48,45.430684674727374,44.91831208922076,23,47,53.425287421245606,B_N_Y,B_N_Y
KOTN50,2025-04-29,46.16,10,48,45.563287461140575,44.96899322843625,23,47,54.1157578677831,B_N_Y,B_N_Y
KOTN50,2025-04-30,45.74,10,48,45.59541701366047,45.0004628925817,23,47,52.686734286737575,B_N_Y,B_N_Y
KOTN50,2025-05-02,45.35,10,48,45.55079573844948,45.01472971329265,23,47,51.36985944814987,B_N_Y,B_N_Y
KOTN50,2025-05-05,46.05,10,48,45.64156014964048,45.05698564336234,23,47,53.5484806761179,B_N_Y,B_N_Y
KOTN50,2025-05-06,44.95,10,48,45.51582194061494,45.05261888240877,23,47,49.87751113723895,B_N_Y,B_N_Y
KOTN50,2025-05-07,45.52,10,48,45.51658158777586,45.07169566271862,23,47,51.6723148000067,B_N_Y,B_N_Y
KOTN50,2025-05-08,44.92,10,48,45.40811220818025,45.06550400301582,23,47,49.71329676748057,B_N_Y,B_N_Y
KOTN50,2025-05-09,44.7,10,48,45.279364533965655,45.05058547228048,23,47,49.00115991242339,B_N_Y,B_N_Y
KOTN50,2025-05-12,46.88,10,48,45.57038916415372,45.12525545300373,23,47,55.59134332911694,B_N_Y,B_N_Y
KOTN50,2025-05-13,46.93,10,48,45.817591134307584,45.198918495738276,23,47,55.728519890144135,B_N_Y,B_N_Y
KOTN50,2025-05-14,47.44,10,48,46.11257456443347,45.29039121019794,23,47,57.14029896015675,B_N_Y,B_N_Y
KOTN50,2025-05-15,47.63,10,48,46.38847009817284,45.3858854465164,23,47,57.666097747340906,B_N_Y,B_N_Y
KOTN50,2025-05-16,48.3,10,48,46.73602098941414,45.50482889767899,23,47,59.497882859589616,B_N_Y,B_N_Y
KOTN50,2025-05-19,48.33,10,48,47.025835354975214,45.62014200389617,23,47,59.579755117895274,B_N_Y,B_N_Y
KOTN50,2025-05-20,47.72,10,48,47.15204710861608,45.705850493533056,23,47,57.125049755951075,B_N_Y,B_N_Y
KOTN50,2025-05-21,47.96,10,48,47.29894763432225,45.797856595837835,23,47,57.839533944514045,B_N_Y,B_N_Y
KOTN50,2025-05-22,47.83,10,48,47.39550260990002,45.880801224579145,23,47,57.29881461296709,B_N_Y,B_N_Y
KOTN50,2025-05-23,48.21,10,48,47.543593044463655,45.97587056235143,23,47,58.48485391786987,B_N_Y,B_N_Y
KOTN50,2025-05-26,48.28,10,48,47.67748521819754,46.06991666184729,23,47,58.70574004286074,B_N_Y,B_N_Y
KOTN50,2025-05-27,48.34,10,48,47.79794245125253,46.162573124629034,23,47,58.90168956100321,B_N_Y,B_N_Y
KOTN50,2025-05-28,48.5,10,48,47.92558927829752,46.2579783032156,23,47,59.43828223460356,B_N_Y,B_N_Y
KOTN50,2025-05-29,48.93,10,48,48.10820940951615,46.367040413288436,23,47,60.87358797739378,B_N_Y,B_N_Y
KOTN50,2025-05-30,49.22,10,48,48.31035315324048,46.4834877433583,23,47,61.82601194207853,B_N_Y,B_N_Y
KOTN50,2025-06-02,49.52,10,48,48.53028894356039,46.6074270191396,23,47,62.805210593436115,B_N_Y,B_N_Y
KOTN50,2025-06-03,49.62,10,48,48.72841822654941,46.73038918162369,23,47,63.13474774524943,B_N_Y,B_N_Y
KOTN50,2025-06-04,49.99,10,48,48.95779673081315,46.86343452114926,23,47,64.35629969805481,B_N_Y,B_N_Y
KOTN50,2025-06-05,50.81,10,48,49.29456096157439,47.02451882640847,23,47,66.89768428860614,B_N_Y,B_N_Y
KOTN50,2025-06-06,51.1,10,48,49.6228226049245,47.19086499675914,23,47,67.74791102707371,B_N_Y,B_N_Y
KOTN50,2025-06-09,51.49,10,48,49.962309404029135,47.366339894850604,23,47,68.87199669505529,B_N_Y,B_N_Y
KOTN50,2025-06-10,51.49,10,48,50.24007133056929,47.534652552203646,23,47,68.87199669505529,B_N_Y,B_N_Y
KOTN50,2025-06-11,51.14,10,48,50.40369472501124,47.681809590889216,23,47,66.59533187511586,B_N_Y,B_N_Y
KOTN50,2025-06-12,49.98,10,48,50.32665932046375,47.775613281057005,23,47,59.75148582004331,B_N_Y,B_N_Y
KOTN50,2025-06-13,49.79,10,48,50.22908489856125,47.85783314713631,23,47,58.71817784479429,B_N_Y,B_N_Y
KOTN50,2025-06-16,50.04,10,48,50.194705826095564,47.94690118194708,23,47,59.677404231847134,B_N_Y,B_N_Y
KOTN50,2025-06-17,50.01,10,48,50.16112294862364,48.031109296969646,23,47,59.50394619448732,B_N_Y,B_N_Y
KOTN50,2025-06-18,50.16,10,48,50.16091877614662,48.118002795052526,23,47,60.11001720601756,B_N_Y,B_N_Y
KOTN50,2025-06-19,49.48,10,48,50.03711536230178,48.17359451770344,23,47,56.12877003014447,B_N_Y,B_N_Y
KOTN50,2025-06-20,50.08,10,48,50.044912569156004,48.2514069863686,23,47,58.65483497436792,B_N_Y,B_N_Y
KOTN50,2025-06-23,50.55,10,48,50.13674664749128,48.34522710937396,23,47,60.516625137621254,B_N_Y,B_N_Y
KOTN50,2025-06-24,50.99,10,48,50.29188362067468,48.453177023277064,23,47,62.18329528963244,B_N_Y,B_N_Y
KOTN50,2025-06-25,51.07,10,48,50.43335932600655,48.559986124367796,23,47,62.48431211446672,B_N_Y,B_N_Y
KOTN50,2025-06-26,51.3,10,48,50.59093035764173,48.67182342541401,23,47,63.360898866547736,B_N_Y,B_N_Y
KOTN50,2025-06-27,51.47,10,48,50.75076120170687,48.78603471417262,23,47,64.0107017113033,B_N_Y,B_N_Y
KOTN50,2025-06-30,51.62,10,48,50.90880461957835,48.90170676665537,23,47,64.59001046237516,B_N_Y,B_N_Y
KOTN50,2025-07-01,51.4,10,48,50.99811287056411,49.00367791903678,23,47,63.03422501538479,B_N_Y,B_N_Y
KOTN50,2025-07-02,51.45,10,48,51.080274166825184,49.103527799892426,23,47,63.24458260582443,B_N_Y,B_N_Y
KOTN50,2025-07-03,51.42,10,48,51.1420425001297,49.19807768561111,23,47,63.01963020739211,B_N_Y,B_N_Y
KOTN50,2025-07-04,51.36,10,48,51.18167113646975,49.28631941272902,23,47,62.55440807562321,B_N_Y,B_N_Y
KOTN50,2025-07-07,51.07,10,48,51.16136729347526,49.35912270200539,23,47,60.304892688096686,B_N_Y,B_N_Y
KOTN50,2025-07-08,50.56,10,48,51.05202778557066,49.408138101923534,23,47,56.565023962334905,B_N_Y,B_N_Y
KOTN50,2025-07-09,50.77,10,48,51.000750006375995,49.46372430184502,23,47,57.69444400412191,B_N_Y,B_N_Y
KOTN50,2025-07-10,50.55,10,48,50.91879545976218,49.508062085443186,23,47,56.09686252473135,B_N_Y,B_N_Y
KOTN50,2025-07-11,50.12,10,48,50.7735599216236,49.53303914318019,23,47,53.092756681634256,B_N_Y,B_N_Y
KOTN50,2025-07-14,50.5,10,48,50.72382175405568,49.57250693325447,23,47,55.30414108244191,B_N_Y,B_N_Y
KOTN50,2025-07-15,50.94,10,48,50.76312688968193,49.628322976795104,23,47,57.71717045525889,B_N_Y,B_N_Y
KOTN50,2025-07-16,51.07,10,48,50.818922000648854,49.68716693692592,23,47,58.4107122448901,B_N_Y,B_N_Y
KOTN50,2025-07-17,50.89,10,48,50.83184527325815,49.73626216399017,23,47,57.05600863635672,B_N_Y,B_N_Y
KOTN50,2025-07-18,50.36,10,48,50.74605522357485,49.76172085117424,23,47,53.254004573422435,B_N_Y,B_N_Y
KOTN50,2025-07-21,50.71,10,48,50.73949972837942,49.80042612255488,23,47,55.30998519920484,B_N_Y,B_N_Y
KOTN50,2025-07-22,50.65,10,48,50.723227050492255,49.83510260734857,23,47,54.87741498417212,B_N_Y,B_N_Y
KOTN50,2025-07-23,50.73,10,48,50.724458495857306,49.871629031538426,23,47,55.36402604625005,B_N_Y,B_N_Y
KOTN50,2025-07-24,50.51,10,48,50.68546604206507,49.89768498943482,23,47,53.699107756109264,B_N_Y,B_N_Y
KOTN50,2025-07-25,49.99,10,48,50.55901767078052,49.90145294904973,23,47,49.98471122191534,B_N_Y,B_N_Y
KOTN50,2025-07-28,49.5,10,48,50.36646900336588,49.88506711439463,23,47,46.79591318541177,B_N_Y,B
KOTN50,2025-07-29,49.95,10,48,50.29074736639026,49.88771743625608,23,47,49.86662032315869,B_N_Y,B_N_Y
KOTN50,2025-07-30,50.14,10,48,50.26333875431931,49.89801468375584,23,47,51.11211226158498,B_N_Y,B_N_Y
KOTN50,2025-07-31,49.97,10,48,50.21000443535217,49.90095285992908,23,47,49.951302032306636,B_N_Y,B_N_Y
KOTN50,2025-08-01,49.45,10,48,50.07182181074269,49.8825466207483,23,47,46.56913431580555,B_N_Y,B
KOTN50,2025-08-04,49.72,10,48,50.00785420878948,49.87591206479939,23,47,48.463352773221175,B_N_Y,B_N_Y
KOTN50,2025-08-05,49.45,10,48,49.90642617082776,49.85852789888921,23,47,46.73133941349697,B_N_Y,B
KOTN50,2025-08-06,48.96,10,48,49.73434868522271,49.82185329077129,23,47,43.763839792602056,B_N_Y,S
KOTN50,2025-08-07,49.03,10,48,49.6062852879095,49.789532748290824,23,47,44.29217043107539,B_N_Y,S
KOTN50,2025-08-08,47.86,10,48,49.288778871925956,49.71077630958507,23,47,38.04626823317926,B_N_Y,S
KOTN50,2025-08-11,47.97,10,48,49.04900089521215,49.63972421531629,23,47,38.89324099881153,B_N_Y,S
KOTN50,2025-08-12,47.82,10,48,48.82554618699176,49.56544975754827,23,47,38.14971358496693,B_N_Y,S
KOTN50,2025-08-13,48.33,10,48,48.73544688026598,49.515023236832015,23,47,42.08518359350174,B_N_Y,S
KOTN50,2025-08-14,48.23,10,48,48.64354744749035,49.462573308798056,23,47,41.54331864621257,B_N_Y,S
KOTN50,2025-08-18,49.05,10,48,48.71744791158301,49.44573358190834,23,47,47.35423085721324,B_N_Y,S
KOTN50,2025-08-19,49.44,10,48,48.84882101856792,49.44549955815698,23,47,49.833805712241755,B_N_Y,S
KOTN50,2025-08-20,49.67,10,48,48.9981262879192,49.45466284149751,23,47,51.249473794463206,B_N_Y,S
KOTN50,2025-08-21,49.11,10,48,49.018466962842986,49.44059497041597,23,47,47.814855502131984,B_N_Y,S
KOTN50,2025-08-22,49.15,10,48,49.04238206050789,49.42873395121533,23,47,48.07471885889801,B_N_Y,S
