datetime,open,high,low,close,volume
2021-08-10 12:08:00,36.8,38.5,36.5,36.5,5857
2021-08-11 12:08:00,38.53,43.7,36.03,36.36,2676
2021-08-12 12:08:00,37.09,37.4,36.15,36.68,10552
2021-08-13 12:08:00,36.8,37.1,36.68,36.97,3557
2021-08-16 12:08:00,39.2,39.2,36.36,37.02,2032
2021-08-17 12:08:00,37.1,37.7,36.9,37.26,3223
2021-08-18 12:08:00,39.2,39.2,37.1,37.77,8445
2021-08-20 12:08:00,38.5,38.5,37.55,38.37,7173
2021-08-23 12:08:00,39.14,43.0,38.4,38.62,16523
2021-08-24 12:08:00,38.5,38.6,38.1,38.27,2393
2021-08-25 12:08:00,38.6,38.85,38.2,38.58,3685
2021-08-26 12:08:00,41.9,41.9,38.0,38.97,6225
2021-08-27 12:08:00,38.9,38.9,38.53,38.79,2667
2021-08-30 12:08:00,39.57,39.6,38.71,39.22,4723
2021-08-31 12:08:00,39.5,39.89,39.2,39.4,13106
2021-09-01 12:09:00,39.9,39.9,39.07,39.76,5441
2021-09-02 12:09:00,39.8,40.65,39.8,40.35,2992
2021-09-03 12:09:00,40.4,40.7,40.16,40.31,4753
2021-09-06 12:09:00,41.17,41.17,40.29,40.3,2749
2021-09-07 12:09:00,40.99,40.99,40.12,40.42,928
2021-09-08 12:09:00,41.1,41.1,40.1,40.27,939
2021-09-09 12:09:00,41.0,41.0,40.11,40.54,1720
2021-09-13 12:09:00,40.6,41.0,40.5,40.68,2250
2021-09-14 12:09:00,41.5,41.5,40.51,40.62,1980
2021-09-15 12:09:00,41.9,41.9,40.45,40.55,20382
2021-09-16 12:09:00,40.5,41.18,40.5,41.08,7138
2021-09-17 12:09:00,41.69,41.69,40.7,40.97,3215
2021-09-20 12:09:00,41.5,41.64,40.96,41.34,2646
2021-09-21 12:09:00,41.66,41.7,40.36,41.6,1909
2021-09-22 12:09:00,41.6,41.75,41.5,41.68,1507
2021-09-23 12:09:00,41.8,42.2,41.0,41.5,6543
2021-09-24 12:09:00,41.5,41.94,41.1,41.17,2655
2021-09-27 12:09:00,41.99,41.99,40.65,40.92,2682
2021-09-28 12:09:00,41.1,41.2,40.6,40.75,2641
2021-09-29 12:09:00,41.5,41.5,40.33,40.49,2909
2021-09-30 12:09:00,40.7,40.9,40.3,40.55,2098
2021-10-01 12:10:00,40.55,40.55,40.08,40.27,2816
2021-10-04 12:10:00,40.25,40.63,40.25,40.52,2249
2021-10-05 12:10:00,41.77,41.77,39.62,40.49,1650
2021-10-06 12:10:00,41.1,41.1,40.1,40.29,8564
2021-10-07 12:10:00,40.4,40.7,40.1,40.33,758
2021-10-08 12:10:00,40.6,40.6,40.01,40.05,9452
2021-10-11 12:10:00,40.0,40.32,39.7,40.28,2282
2021-10-12 12:10:00,41.47,41.47,39.51,40.61,5529
2021-10-13 12:10:00,40.7,41.18,40.7,40.96,1550
2021-10-14 12:10:00,40.9,42.37,40.9,41.47,3596
2021-10-18 12:10:00,41.5,41.78,41.4,41.58,2213
2021-10-19 12:10:00,42.77,42.77,40.29,40.31,9885
2021-10-20 12:10:00,40.7,41.0,39.49,39.79,8458
2021-10-21 12:10:00,40.6,40.7,39.27,39.45,5673
2021-10-22 12:10:00,39.5,40.0,38.79,38.94,9122
2021-10-25 12:10:00,39.74,39.74,38.25,38.58,5341
2021-10-26 12:10:00,39.38,39.38,38.58,38.86,3761
2021-10-27 12:10:00,38.9,39.4,38.9,39.09,3464
2021-10-28 12:10:00,39.2,39.5,38.2,38.4,14918
2021-10-29 12:10:00,38.73,38.73,38.0,38.36,1683
2021-11-01 12:11:00,39.2,39.2,38.3,38.82,3103
2021-11-02 12:11:00,38.82,38.9,38.57,38.73,2307
2021-11-03 12:11:00,39.16,39.16,38.1,38.46,2002
2021-11-04 12:11:00,39.5,39.5,38.8,38.82,2380
2021-11-08 12:11:00,39.4,39.4,38.4,39.06,3524
2021-11-09 12:11:00,39.1,39.19,39.04,39.18,2292
2021-11-10 12:11:00,39.9,39.9,38.7,38.95,1943
2021-11-11 12:11:00,39.87,39.87,38.5,38.69,2335
2021-11-12 12:11:00,38.69,39.12,38.69,39.1,2665
2021-11-15 12:11:00,39.2,39.39,38.75,39.36,5279
2021-11-16 12:11:00,39.4,39.5,39.0,39.23,5653
2021-11-17 12:11:00,39.23,39.4,39.0,39.18,1723
2021-11-18 12:11:00,39.18,39.25,38.82,39.07,1718
2021-11-22 12:11:00,39.09,39.09,38.31,38.41,5268
2021-11-23 12:11:00,38.59,38.77,38.41,38.77,1929
2021-11-24 12:11:00,39.77,39.77,38.31,38.38,2325
2021-11-25 12:11:00,38.38,38.44,38.05,38.4,7997
2021-11-26 12:11:00,38.4,38.4,37.8,37.84,4726
2021-11-29 12:11:00,37.04,38.1,37.04,37.43,5139
2021-11-30 12:11:00,38.19,38.19,37.45,37.75,10137
2021-12-01 12:12:00,37.61,38.4,37.3,37.66,1997
2021-12-02 12:12:00,38.37,38.37,37.61,37.9,40070
2021-12-03 12:12:00,38.29,38.29,37.61,37.73,34073
2021-12-06 12:12:00,38.25,38.25,37.0,37.14,4873
2021-12-07 12:12:00,37.1,37.5,37.0,37.29,2159
2021-12-08 12:12:00,37.8,37.8,37.4,37.69,3874
2021-12-09 12:12:00,38.0,38.3,37.6,38.18,9787
2021-12-10 12:12:00,37.8,38.4,37.8,38.3,7852
2021-12-13 12:12:00,38.0,38.6,37.95,37.95,1254
2021-12-14 12:12:00,37.95,38.08,37.63,37.82,588
2021-12-15 12:12:00,37.95,37.95,37.44,37.48,1311
2021-12-16 12:12:00,37.9,37.9,37.21,37.38,5351
2021-12-17 12:12:00,37.04,37.64,36.63,36.65,6571
2021-12-20 12:12:00,36.65,36.9,36.0,36.18,7278
2021-12-21 12:12:00,36.02,36.8,36.02,36.49,1652
2021-12-22 12:12:00,36.9,36.9,36.5,36.64,11256
2021-12-23 12:12:00,36.8,37.1,36.75,37.05,1697
2021-12-24 12:12:00,37.1,37.5,36.96,37.06,3619
2021-12-27 12:12:00,37.4,37.4,36.36,37.09,1869
2021-12-28 12:12:00,37.5,37.5,37.1,37.19,2742
2021-12-29 12:12:00,37.56,37.56,37.1,37.17,3397
2021-12-30 12:12:00,37.2,37.3,37.14,37.22,2953
2021-12-31 12:12:00,37.4,37.78,37.27,37.75,1828
2022-01-03 12:01:00,38.2,38.2,37.0,37.79,4527
2022-01-04 12:01:00,37.79,38.2,37.01,37.92,4212
2022-01-05 12:01:00,38.19,38.19,37.75,37.93,1608
2022-01-06 12:01:00,37.93,38.19,37.13,37.75,4341
2022-01-07 12:01:00,38.09,38.09,37.56,37.9,1266
2022-01-10 12:01:00,38.0,38.2,37.9,38.09,1990
2022-01-11 12:01:00,38.3,38.3,37.9,38.04,2062
2022-01-12 12:01:00,38.04,38.1,37.51,37.97,3234
2022-01-13 12:01:00,37.97,38.2,37.97,38.03,1351
2022-01-14 12:01:00,37.97,38.18,37.85,37.96,1785
2022-01-17 12:01:00,37.96,38.2,37.5,38.13,5539
2022-01-18 12:01:00,38.13,38.6,37.5,37.68,4007
2022-01-19 12:01:00,37.68,38.1,37.29,37.34,3854
2022-01-20 12:01:00,37.7,37.9,36.76,36.86,9879
2022-01-21 12:01:00,36.86,37.39,36.62,36.92,6764
2022-01-24 12:01:00,37.4,37.4,36.15,36.34,25831
2022-01-25 12:01:00,36.4,37.2,35.98,36.68,15454
2022-01-27 12:01:00,36.5,36.8,35.8,36.13,7644
2022-01-28 12:01:00,36.7,36.7,36.2,36.35,2012
2022-01-31 12:01:00,36.35,36.8,35.62,36.56,5853
2022-02-01 12:02:00,37.3,37.33,36.72,37.27,6970
2022-02-02 12:02:00,37.9,37.9,37.11,37.59,3200
2022-02-03 12:02:00,37.7,38.0,37.4,37.47,1407
2022-02-04 12:02:00,37.02,38.49,36.4,37.55,5790
2022-02-07 12:02:00,38.0,38.0,36.85,36.94,1416
2022-02-08 12:02:00,36.94,37.2,36.65,36.79,28994
2022-02-09 12:02:00,37.3,37.3,36.85,36.99,10012
2022-02-10 12:02:00,37.05,37.25,36.76,37.12,9953
2022-02-11 12:02:00,37.12,37.4,36.73,36.82,1745
2022-02-14 12:02:00,37.1,37.1,36.1,36.19,15117
2022-02-15 12:02:00,36.7,36.94,36.19,36.8,2648
2022-02-16 12:02:00,37.2,37.2,36.55,36.82,2213
2022-02-17 12:02:00,37.3,37.3,36.0,36.91,1689
2022-02-18 12:02:00,36.95,37.1,36.73,36.84,473
2022-02-21 12:02:00,37.1,37.3,36.45,36.59,48585
2022-02-22 12:02:00,36.58,36.8,36.0,36.28,3371
2022-02-23 12:02:00,36.5,36.7,36.25,36.39,653
2022-02-24 12:02:00,36.3,36.3,35.2,35.56,11527
2022-02-25 12:02:00,36.25,36.25,35.5,35.73,4572
2022-02-28 12:02:00,35.72,35.96,35.11,35.82,4646
2022-03-02 12:03:00,35.8,35.96,35.45,35.76,1764
2022-03-03 12:03:00,36.0,36.0,35.44,35.47,2355
2022-03-04 12:03:00,35.7,35.78,34.7,35.13,15341
2022-03-07 12:03:00,35.3,35.3,33.96,34.04,7154
2022-03-08 12:03:00,35.0,35.0,33.8,34.23,4673
2022-03-09 12:03:00,34.6,35.29,34.27,34.84,7180
2022-03-10 12:03:00,35.8,35.9,35.0,35.81,5505
2022-03-11 12:03:00,36.3,36.3,35.69,36.05,1124
2022-03-14 12:03:00,35.06,36.29,35.06,36.0,14119
2022-03-15 12:03:00,36.3,36.3,35.8,35.96,1073
2022-03-16 12:03:00,36.18,36.74,36.05,36.63,2054
2022-03-17 12:03:00,36.53,37.18,36.28,37.02,2965
2022-03-21 12:03:00,37.5,37.5,36.53,36.6,2156
2022-03-22 12:03:00,36.89,36.89,35.83,36.27,10019
2022-03-23 12:03:00,36.29,37.08,36.01,36.32,6505
2022-03-24 12:03:00,36.95,36.95,35.9,36.16,14404
2022-03-25 12:03:00,36.1,37.28,35.8,35.91,15986
2022-03-28 12:03:00,36.6,36.6,35.7,35.98,3343
2022-03-29 12:03:00,36.7,36.7,35.51,36.19,15708
2022-03-30 12:03:00,36.8,36.8,35.5,36.26,3499
2022-03-31 12:03:00,36.26,36.78,36.26,36.71,14237
2022-04-01 12:04:00,36.63,37.19,36.41,36.98,9793
2022-04-04 12:04:00,37.5,37.64,36.46,37.57,9646
2022-04-05 12:04:00,38.1,38.1,34.01,38.01,29857
2022-04-06 12:04:00,37.95,38.1,37.5,37.93,6426
2022-04-07 12:04:00,37.93,38.29,37.63,37.84,14441
2022-04-08 12:04:00,38.19,38.6,37.84,38.56,17079
2022-04-11 12:04:00,38.6,39.0,38.35,38.65,16284
2022-04-12 12:04:00,38.65,38.65,38.27,38.31,12420
2022-04-13 12:04:00,38.31,38.9,38.3,38.54,3074
2022-04-18 12:04:00,38.9,38.9,38.12,38.65,4658
2022-04-19 12:04:00,38.78,39.07,38.2,38.31,3547
2022-04-20 12:04:00,38.6,38.6,38.03,38.19,3008
2022-04-21 12:04:00,38.1,38.6,37.7,38.36,2169
2022-04-22 12:04:00,38.21,38.6,38.13,38.29,1168
2022-04-25 12:04:00,38.09,38.09,37.42,37.74,4445
2022-04-26 12:04:00,38.4,38.4,37.8,38.23,1756
2022-04-27 12:04:00,38.24,38.3,37.72,38.05,2932
2022-04-28 12:04:00,38.25,38.96,38.2,38.84,4175
2022-04-29 12:04:00,38.5,39.2,38.3,38.86,4327
2022-05-02 12:05:00,38.7,38.9,38.21,38.7,3004
2022-05-04 12:05:00,38.7,38.8,38.33,38.44,3073
2022-05-05 12:05:00,38.65,38.7,37.92,38.05,2083
2022-05-06 12:05:00,38.3,38.5,37.4,37.88,109128
2022-05-09 12:05:00,38.3,38.3,37.12,37.36,27211
2022-05-10 12:05:00,37.5,37.8,37.2,37.75,1638
2022-05-11 12:05:00,38.3,38.3,36.73,37.22,3145
2022-05-12 12:05:00,37.7,37.7,36.23,36.68,5233
2022-05-13 12:05:00,37.2,37.9,36.9,37.47,14721
2022-05-16 12:05:00,37.7,37.8,37.13,37.62,1343
2022-05-17 12:05:00,37.8,38.0,37.3,37.55,23600
2022-05-18 12:05:00,37.55,38.1,37.42,37.9,2360
2022-05-19 12:05:00,37.19,38.3,37.19,37.93,3231
2022-05-20 12:05:00,38.0,38.91,37.75,38.75,38979
2022-05-23 12:05:00,38.75,39.2,38.6,38.95,4946
2022-05-24 12:05:00,38.89,38.89,38.41,38.53,1766
2022-05-25 12:05:00,38.8,38.8,38.05,38.4,1602
2022-05-26 12:05:00,38.6,38.7,38.1,38.63,840
2022-05-27 12:05:00,39.2,39.2,38.63,39.19,6808
2022-05-30 12:05:00,39.49,39.5,38.81,39.35,1556
2022-05-31 12:05:00,39.44,39.8,38.93,39.27,4272
2022-06-01 12:06:00,39.27,39.5,38.9,39.27,3475
2022-06-02 12:06:00,42.61,42.61,38.6,39.03,3389
2022-06-03 12:06:00,39.6,39.6,38.94,39.15,4512
2022-06-06 12:06:00,40.2,40.2,38.64,38.72,4673
2022-06-07 12:06:00,38.72,38.9,38.28,38.4,1494
2022-06-08 12:06:00,38.6,38.69,38.0,38.25,3726
2022-06-09 12:06:00,38.1,38.2,37.9,38.05,1407
2022-06-10 12:06:00,37.8,38.18,37.8,38.11,1803
2022-06-13 12:06:00,37.8,37.97,37.71,37.82,3319
2022-06-14 12:06:00,37.5,38.09,37.4,37.71,3959
2022-06-15 12:06:00,37.9,37.9,37.5,37.6,878
2022-06-16 12:06:00,37.7,38.0,37.4,37.43,9575
2022-06-17 12:06:00,37.7,37.7,37.0,37.32,1551
2022-06-20 12:06:00,37.0,37.81,37.0,37.7,1492
2022-06-21 12:06:00,37.65,38.3,37.65,38.3,3240
2022-06-22 12:06:00,38.29,38.3,37.73,37.79,931
2022-06-23 12:06:00,38.4,38.4,37.97,38.05,379
2022-06-24 12:06:00,38.4,38.7,38.1,38.49,2032
2022-06-27 12:06:00,39.0,42.37,38.65,39.02,4270
2022-06-28 12:06:00,38.5,38.97,38.43,38.83,17587
2022-06-29 12:06:00,38.7,38.7,38.22,38.41,1981
2022-06-30 12:06:00,38.7,38.7,38.21,38.46,701
2022-07-01 12:07:00,38.0,39.6,38.0,39.41,4205
2022-07-04 12:07:00,38.3,42.3,38.3,40.64,104484
2022-07-05 12:07:00,40.7,41.2,40.42,40.47,12896
2022-07-06 12:07:00,40.7,41.69,40.6,41.46,24183
2022-07-07 12:07:00,41.8,42.0,41.35,41.61,25378
2022-07-08 12:07:00,41.6,42.08,41.5,41.6,11140
2022-07-11 12:07:00,41.6,42.1,41.15,42.0,7204
2022-07-12 12:07:00,42.0,42.24,41.31,41.46,10885
2022-07-13 12:07:00,41.51,42.0,41.51,41.92,6649
2022-07-14 12:07:00,42.5,42.5,41.51,41.77,6563
2022-07-15 12:07:00,42.24,42.24,41.9,42.03,36990
2022-07-18 12:07:00,42.8,42.8,41.9,42.28,12898
2022-07-19 12:07:00,42.28,42.57,42.0,42.2,8267
2022-07-20 12:07:00,42.57,42.8,42.3,42.71,8804
2022-07-21 12:07:00,42.71,43.1,42.71,43.08,15009
2022-07-22 12:07:00,43.08,43.44,43.0,43.29,14627
2022-07-25 12:07:00,43.29,43.49,43.0,43.26,10171
2022-07-26 12:07:00,43.0,43.17,42.55,42.64,3352
2022-07-27 12:07:00,42.9,42.93,42.45,42.79,5458
2022-07-28 12:07:00,42.9,43.2,42.69,43.09,52404
2022-07-29 12:07:00,43.2,43.5,42.92,43.15,5409
2022-08-01 12:08:00,43.3,43.7,42.9,43.33,4102
2022-08-02 12:08:00,43.5,44.0,43.4,43.61,9810
2022-08-03 12:08:00,43.6,43.8,43.11,43.36,12928
2022-08-04 12:08:00,43.46,43.67,43.29,43.63,2873
2022-08-05 12:08:00,43.8,44.0,43.2,43.83,3936
2022-08-08 12:08:00,43.4,44.2,43.4,43.83,2478
2022-08-10 12:08:00,43.83,44.1,43.52,43.68,10316
2022-08-11 12:08:00,44.19,44.19,43.3,43.38,2283
2022-08-12 12:08:00,43.97,43.97,42.96,43.29,16977
2022-08-16 12:08:00,43.97,44.01,43.29,43.73,10075
2022-08-17 12:08:00,44.4,44.4,43.87,44.04,11413
2022-08-18 12:08:00,44.04,44.55,43.65,44.39,3645
2022-08-19 12:08:00,44.49,44.7,43.7,43.87,6422
2022-08-22 12:08:00,44.1,44.1,43.66,43.8,2710
2022-08-23 12:08:00,43.5,43.95,43.31,43.71,1765
2022-08-24 12:08:00,43.86,43.97,43.59,43.73,8802
2022-08-25 12:08:00,43.8,44.12,43.58,43.75,5307
2022-08-26 12:08:00,43.6,44.1,43.51,43.53,2431
2022-08-29 12:08:00,43.2,43.8,42.9,43.73,12074
2022-08-30 12:08:00,44.1,44.67,43.7,44.61,3540
2022-09-01 12:09:00,44.7,44.7,44.09,44.27,4831
2022-09-02 12:09:00,44.27,44.75,44.27,44.61,3109
2022-09-05 12:09:00,44.88,44.88,44.49,44.58,3488
2022-09-06 12:09:00,44.58,44.77,44.32,44.5,3389
2022-09-07 12:09:00,44.4,44.6,44.4,44.55,1077
2022-09-08 12:09:00,44.9,44.9,44.45,44.56,2388
2022-09-09 12:09:00,44.51,45.2,44.51,44.77,4980
2022-09-12 12:09:00,44.98,45.0,44.68,44.72,6799
2022-09-13 12:09:00,45.0,45.2,44.8,45.09,2998
2022-09-14 12:09:00,44.8,45.3,44.5,45.16,14701
2022-09-15 12:09:00,45.4,45.4,44.9,44.96,1479
2022-09-16 12:09:00,45.1,45.1,43.91,44.04,21635
2022-09-19 12:09:00,44.2,44.59,43.7,44.44,10513
2022-09-20 12:09:00,44.45,45.16,44.45,44.87,4754
2022-09-21 12:09:00,44.87,45.46,44.8,45.31,4987
2022-09-22 12:09:00,45.56,46.17,44.8,46.0,5931
2022-09-23 12:09:00,46.0,46.56,45.69,45.82,19538
2022-09-26 12:09:00,45.8,46.0,44.7,44.76,9380
2022-09-27 12:09:00,45.1,45.4,44.76,45.12,9905
2022-09-28 12:09:00,45.13,45.3,44.61,44.83,6210
2022-09-29 12:09:00,45.3,45.46,44.89,45.31,7902
2022-09-30 12:09:00,45.5,45.5,44.8,45.33,2409
2022-10-03 12:10:00,45.8,45.8,44.25,44.42,6947
2022-10-04 12:10:00,45.5,45.5,44.7,45.16,2029
2022-10-06 12:10:00,45.7,45.7,44.93,44.99,104385
2022-10-07 12:10:00,45.2,45.2,44.31,44.7,4131
2022-10-10 12:10:00,44.6,44.6,43.79,44.1,6810
2022-10-11 12:10:00,44.1,44.1,43.3,43.46,2040
2022-10-12 12:10:00,43.88,44.12,43.45,44.0,3519
2022-10-13 12:10:00,44.2,44.2,43.93,43.97,1160
2022-10-14 12:10:00,44.75,44.75,43.85,44.06,115067
2022-10-17 12:10:00,44.1,44.2,43.84,44.04,4794
2022-10-18 12:10:00,44.5,44.76,44.2,44.6,1304
2022-10-19 12:10:00,44.75,44.9,44.5,44.68,4386
2022-10-20 12:10:00,44.97,45.25,44.69,45.08,1764
2022-10-21 12:10:00,45.08,45.52,44.89,45.06,2893
2022-10-24 12:10:00,45.5,45.5,45.0,45.02,2730
2022-10-25 12:10:00,45.49,45.49,44.51,44.58,6894
2022-10-27 12:10:00,45.0,45.0,44.43,44.68,17258
2022-10-28 12:10:00,44.68,45.2,44.63,44.72,4354
2022-10-31 12:10:00,44.99,45.36,44.72,45.1,8125
2022-11-01 12:11:00,45.4,45.5,45.1,45.42,5440
2022-11-02 12:11:00,45.8,45.8,45.1,45.38,4671
2022-11-03 12:11:00,45.6,45.78,45.27,45.57,2520
2022-11-04 12:11:00,45.8,45.8,45.31,45.58,2920
2022-11-07 12:11:00,45.98,46.0,45.35,45.62,2494
2022-11-09 12:11:00,45.62,46.12,45.62,45.92,8494
2022-11-10 12:11:00,45.62,45.92,45.45,45.52,1667
2022-11-11 12:11:00,45.98,45.98,45.39,45.42,5117
2022-11-14 12:11:00,46.13,46.13,44.75,44.83,16991
2022-11-15 12:11:00,44.83,45.07,44.39,44.81,5701
2022-11-16 12:11:00,44.84,45.03,44.62,45.02,242748
2022-11-17 12:11:00,45.07,45.07,44.62,44.78,1244
2022-11-18 12:11:00,45.1,45.1,44.5,44.81,1404
2022-11-21 12:11:00,45.0,45.0,44.5,44.68,1497
2022-11-22 12:11:00,44.5,44.84,44.5,44.72,3901
2022-11-23 12:11:00,44.61,44.92,44.61,44.81,2181
2022-11-24 12:11:00,45.01,45.3,44.61,45.22,33356
2022-11-25 12:11:00,45.45,45.52,44.85,45.08,2576
2022-11-28 12:11:00,44.63,45.24,42.1,45.1,2392
2022-11-29 12:11:00,45.3,46.19,45.29,45.99,14441
2022-11-30 12:11:00,46.08,46.7,46.08,46.38,5407
2022-12-01 12:12:00,46.6,46.8,46.14,46.27,4097
2022-12-02 12:12:00,46.27,46.29,45.23,46.19,3236
2022-12-05 12:12:00,46.3,46.3,45.81,46.21,2411
2022-12-06 12:12:00,46.3,46.3,46.01,46.19,2043
2022-12-07 12:12:00,46.3,46.85,46.0,46.65,9935
2022-12-08 12:12:00,50.0,50.0,46.31,46.79,3737
2022-12-09 12:12:00,47.4,47.4,46.85,47.14,6689
2022-12-12 12:12:00,47.1,47.39,47.05,47.21,8454
2022-12-13 12:12:00,47.2,47.28,46.81,47.21,3934
2022-12-14 12:12:00,47.4,47.4,46.4,46.83,20754
2022-12-15 12:12:00,47.08,47.08,46.45,46.61,1909
2022-12-16 12:12:00,46.85,46.85,46.19,46.26,4628
2022-12-19 12:12:00,46.6,47.05,46.31,46.94,14136
2022-12-20 12:12:00,47.3,47.3,46.45,46.76,2049
2022-12-21 12:12:00,46.8,47.19,46.18,46.32,4294
2022-12-22 12:12:00,46.8,46.8,45.63,45.9,5605
2022-12-23 12:12:00,45.9,45.9,45.32,45.39,10081
2022-12-26 12:12:00,45.69,45.89,44.86,45.79,8838
2022-12-27 12:12:00,46.5,46.5,45.4,45.45,4410
2022-12-28 12:12:00,45.72,45.8,45.5,45.57,949
2022-12-29 12:12:00,46.2,46.2,45.0,45.45,4582
2022-12-30 12:12:00,46.2,46.2,45.0,45.22,3446
2023-01-02 12:01:00,45.78,45.78,45.01,45.19,4753
2023-01-03 12:01:00,45.24,45.26,44.98,45.04,12113
2023-01-04 12:01:00,45.05,45.5,44.7,44.77,3766
2023-01-05 12:01:00,45.5,45.5,44.71,45.42,13353
2023-01-06 12:01:00,45.89,45.89,45.23,45.24,17352
2023-01-09 12:01:00,45.6,45.94,45.32,45.71,5064
2023-01-10 12:01:00,45.99,45.99,45.5,45.63,1289
2023-01-11 12:01:00,45.99,45.99,45.07,45.13,6143
2023-01-12 12:01:00,46.43,46.43,44.65,44.94,4942
2023-01-13 12:01:00,45.7,45.7,44.81,44.97,2767
2023-01-16 12:01:00,45.5,45.5,44.66,45.06,5369
2023-01-17 12:01:00,45.5,45.61,45.0,45.35,10404
2023-01-18 12:01:00,45.7,45.8,45.3,45.58,3017
2023-01-19 12:01:00,45.8,45.8,45.15,45.22,2249
2023-01-20 12:01:00,45.19,45.4,44.72,44.76,7499
2023-01-23 12:01:00,45.19,45.3,45.0,45.18,3814
2023-01-24 12:01:00,45.5,45.5,45.12,45.19,3001
2023-01-25 12:01:00,45.5,45.5,45.0,45.25,3584
2023-01-27 12:01:00,45.35,45.68,44.9,45.32,6332
2023-01-30 12:01:00,45.58,45.79,44.93,45.31,5070
2023-01-31 12:01:00,45.05,45.59,44.75,45.39,4093
2023-02-01 12:02:00,45.89,46.5,44.91,45.85,14946
2023-02-02 12:02:00,46.29,47.13,45.51,47.0,14708
2023-02-03 12:02:00,47.1,47.1,46.6,46.96,6625
2023-02-06 12:02:00,47.1,47.4,47.0,47.22,7720
2023-02-07 12:02:00,47.25,47.4,46.45,46.79,41935
2023-02-08 12:02:00,46.8,46.99,46.61,46.81,5608
2023-02-09 12:02:00,46.81,47.1,46.69,46.77,8191
2023-02-10 12:02:00,46.77,46.77,46.25,46.43,2237
2023-02-13 12:02:00,46.43,46.8,46.35,46.51,1695
2023-02-14 12:02:00,46.73,47.07,46.54,46.87,22236
2023-02-15 12:02:00,46.98,47.17,46.59,46.96,3686
2023-02-16 12:02:00,47.6,47.6,46.41,47.03,1685
2023-02-17 12:02:00,47.5,47.5,46.8,46.9,1987
2023-02-20 12:02:00,46.51,47.47,46.51,46.69,3113
2023-02-21 12:02:00,46.0,47.3,46.0,46.85,765
2023-02-22 12:02:00,46.73,46.82,46.6,46.77,3589
2023-02-23 12:02:00,46.82,47.23,46.5,46.64,9752
2023-02-24 12:02:00,46.99,46.99,46.37,46.53,6485
2023-02-27 12:02:00,46.49,46.61,46.0,46.21,3553
2023-02-28 12:02:00,46.21,46.61,45.8,46.15,2853
2023-03-01 12:03:00,46.7,46.7,46.15,46.38,1052
2023-03-02 12:03:00,46.9,46.9,46.0,46.14,2631
2023-03-03 12:03:00,46.39,46.75,46.31,46.53,5016
2023-03-06 12:03:00,46.98,47.26,46.65,46.86,10767
2023-03-08 12:03:00,47.24,47.24,46.66,46.88,9016
2023-03-09 12:03:00,47.25,47.25,46.5,46.58,1756
2023-03-10 12:03:00,46.89,46.89,46.11,46.62,4360
2023-03-13 12:03:00,46.7,46.8,46.05,46.25,2300
2023-03-14 12:03:00,46.69,46.69,45.9,45.96,7354
2023-03-15 12:03:00,46.0,46.49,45.58,45.62,5471
2023-03-16 12:03:00,46.19,46.25,45.53,46.22,9108
2023-03-17 12:03:00,46.4,46.4,45.81,46.05,1948
2023-03-20 12:03:00,46.48,46.54,45.7,46.51,8580
2023-03-21 12:03:00,46.9,46.9,46.0,46.06,3540
2023-03-22 12:03:00,46.27,46.48,46.1,46.25,785
2023-03-23 12:03:00,46.41,46.6,46.22,46.44,1425
2023-03-24 12:03:00,46.9,46.9,46.01,46.38,2029
2023-03-27 12:03:00,46.95,46.95,46.05,46.51,3774
2023-03-28 12:03:00,46.26,46.82,46.21,46.3,2400
2023-03-29 12:03:00,46.3,46.82,46.19,46.56,5394
2023-03-31 12:03:00,47.0,47.1,46.02,47.03,17386
2023-04-03 12:04:00,47.49,47.49,46.79,46.87,3303
2023-04-05 12:04:00,47.29,47.67,47.0,47.53,6346
2023-04-06 12:04:00,47.02,47.54,47.02,47.33,2460
2023-04-10 12:04:00,47.33,47.37,47.15,47.21,3079
2023-04-11 12:04:00,46.81,47.5,46.81,47.46,1961
2023-04-12 12:04:00,47.8,47.8,47.25,47.37,1975
2023-04-13 12:04:00,47.43,47.8,47.43,47.53,2248
2023-04-17 12:04:00,47.4,48.15,47.4,48.02,5205
2023-04-18 12:04:00,48.02,48.04,47.8,47.88,1860
2023-04-19 12:04:00,48.4,48.4,47.62,47.74,1413
2023-04-20 12:04:00,48.25,48.25,47.5,47.65,1888
2023-04-21 12:04:00,47.73,48.09,47.65,48.02,2442
2023-04-24 12:04:00,48.6,48.6,47.8,48.34,5607
2023-04-25 12:04:00,48.56,48.56,48.15,48.39,2681
2023-04-26 12:04:00,48.68,48.86,48.29,48.7,2082
2023-04-27 12:04:00,49.3,49.3,48.65,48.72,5235
2023-04-28 12:04:00,48.82,49.39,48.46,49.02,8805
2023-05-02 12:05:00,49.49,49.6,48.97,49.12,10704
2023-05-03 12:05:00,49.49,49.64,48.96,49.44,13964
2023-05-04 12:05:00,49.7,49.7,49.25,49.44,5349
2023-05-05 12:05:00,49.44,49.69,49.4,49.61,1636
2023-05-08 12:05:00,49.61,50.09,49.61,49.96,8139
2023-05-09 12:05:00,50.45,50.48,49.65,49.82,7218
2023-05-10 12:05:00,50.0,50.07,49.65,50.07,2439
2023-05-11 12:05:00,50.55,50.55,49.95,50.28,3362
2023-05-12 12:05:00,50.8,50.8,50.08,50.4,6312
2023-05-15 12:05:00,50.79,51.16,50.39,50.99,5391
2023-05-16 12:05:00,51.0,51.47,50.7,50.83,6748
2023-05-17 12:05:00,50.7,51.0,50.59,50.91,3217
2023-05-18 12:05:00,51.24,51.26,50.2,50.3,2524
2023-05-19 12:05:00,50.3,50.41,49.81,50.37,2670
2023-05-22 12:05:00,50.78,50.9,50.22,50.53,3027
2023-05-23 12:05:00,50.47,50.8,50.4,50.65,5186
2023-05-24 12:05:00,50.72,51.12,50.62,50.85,2219
2023-05-25 12:05:00,50.79,51.35,50.79,51.08,4455
2023-05-26 12:05:00,51.1,51.93,51.08,51.83,4442
2023-05-29 12:05:00,51.83,52.4,51.83,52.2,5642
2023-05-30 12:05:00,52.2,52.58,52.2,52.51,5606
2023-05-31 12:05:00,52.88,52.88,52.1,52.56,7464
2023-06-01 12:06:00,52.82,52.94,52.43,52.51,7590
2023-06-02 12:06:00,52.98,52.98,52.7,52.86,4986
2023-06-05 12:06:00,53.5,53.5,52.59,52.64,8235
2023-06-06 12:06:00,53.3,53.3,52.27,52.51,5333
2023-06-07 12:06:00,52.51,53.19,52.51,53.05,7738
2023-06-08 12:06:00,53.48,53.48,52.34,52.53,6375
2023-06-09 12:06:00,52.78,52.9,52.08,52.25,5314
2023-06-12 12:06:00,52.69,52.69,52.1,52.31,3555
2023-06-13 12:06:00,52.55,53.12,52.55,52.88,8393
2023-06-14 12:06:00,52.85,53.4,52.85,53.19,7798
2023-06-15 12:06:00,53.2,53.79,53.2,53.67,6370
2023-06-16 12:06:00,54.17,54.6,53.58,53.94,8014
2023-06-19 12:06:00,54.28,54.28,53.63,53.71,5847
2023-06-20 12:06:00,53.92,53.92,53.48,53.71,6376
2023-06-21 12:06:00,54.09,54.09,53.44,53.5,10326
2023-06-22 12:06:00,53.44,53.68,53.17,53.26,9999
2023-06-23 12:06:00,53.67,53.67,52.64,52.84,10192
2023-06-26 12:06:00,53.5,53.53,52.84,53.34,5152
2023-06-27 12:06:00,53.42,53.42,53.02,53.26,1604
2023-06-28 12:06:00,53.26,53.48,53.2,53.4,2886
2023-06-30 12:06:00,53.4,53.94,53.4,53.87,11651
2023-07-03 12:07:00,52.26,54.5,52.26,54.32,7173
2023-07-04 12:07:00,55.0,55.49,54.09,54.33,4297
2023-07-05 12:07:00,55.0,55.45,54.06,55.37,6312
2023-07-06 12:07:00,55.97,55.97,55.15,55.49,11058
2023-07-07 12:07:00,55.4,55.49,54.5,54.63,9415
2023-07-10 12:07:00,54.23,55.3,54.15,54.25,6507
2023-07-11 12:07:00,54.5,54.98,54.38,54.88,4329
2023-07-12 12:07:00,54.88,54.98,54.68,54.88,5040
2023-07-13 12:07:00,55.48,55.48,54.53,54.59,7056
2023-07-14 12:07:00,54.59,55.25,54.21,55.1,3710
2023-07-17 12:07:00,55.49,55.52,55.03,55.17,10830
2023-07-18 12:07:00,55.49,55.5,54.8,54.97,5081
2023-07-19 12:07:00,54.8,55.33,53.87,55.12,10117
2023-07-20 12:07:00,55.49,56.01,54.96,55.93,11311
2023-07-21 12:07:00,55.93,56.19,55.09,55.35,7568
2023-07-24 12:07:00,55.35,55.98,54.4,54.53,28076
2023-07-25 12:07:00,54.53,54.82,53.65,54.04,31910
2023-07-26 12:07:00,54.4,54.68,54.01,54.59,10356
2023-07-27 12:07:00,54.65,54.69,53.98,54.2,17162
2023-07-28 12:07:00,54.9,54.9,54.02,54.64,4013
2023-07-31 12:07:00,54.64,54.73,54.0,54.4,15142
2023-08-01 12:08:00,54.9,54.9,54.18,54.23,11734
2023-08-02 12:08:00,54.78,54.78,53.54,53.99,14467
2023-08-03 12:08:00,54.0,54.08,53.51,53.62,6971
2023-08-04 12:08:00,54.3,54.37,53.55,53.76,12758
2023-08-07 12:08:00,54.18,54.18,53.36,53.63,6566
2023-08-08 12:08:00,53.63,53.81,53.41,53.6,5926
2023-08-09 12:08:00,54.3,54.3,53.31,53.8,6850
2023-08-10 12:08:00,54.03,54.03,53.3,53.38,5553
2023-08-11 12:08:00,53.41,53.41,52.61,53.03,17651
2023-08-14 12:08:00,53.49,53.49,52.53,53.31,10602
2023-08-16 12:08:00,53.79,53.79,52.81,53.45,4794
2023-08-17 12:08:00,55.05,55.05,52.91,53.01,4754
2023-08-18 12:08:00,53.49,53.49,52.81,53.11,3983
2023-08-21 12:08:00,53.19,53.52,52.9,53.44,3170
2023-08-22 12:08:00,54.0,54.0,52.99,53.66,3421
2023-08-23 12:08:00,53.32,54.0,53.32,53.55,2383
2023-08-24 12:08:00,53.63,53.9,53.5,53.71,3183
2023-08-25 12:08:00,53.71,53.75,53.05,53.21,3450
2023-08-28 12:08:00,53.78,53.78,52.9,53.07,6577
2023-08-29 12:08:00,53.07,53.13,52.76,52.89,6833
2023-08-30 12:08:00,53.47,53.47,52.85,53.19,4103
2023-08-31 12:08:00,53.4,53.49,52.59,52.67,11993
2023-09-01 12:09:00,53.0,53.0,52.7,52.9,6366
2023-09-04 12:09:00,52.7,53.3,52.4,52.83,12391
2023-09-05 12:09:00,53.1,53.5,52.83,53.2,9270
2023-09-06 12:09:00,53.5,53.8,52.9,53.64,13613
2023-09-07 12:09:00,53.99,53.99,53.33,53.5,6700
2023-09-08 12:09:00,53.8,53.8,53.24,53.45,6009
2023-09-11 12:09:00,53.8,53.8,53.45,53.76,8558
2023-09-12 12:09:00,52.4,53.88,52.15,53.73,8915
2023-09-13 12:09:00,53.46,53.88,53.46,53.72,8534
2023-09-14 12:09:00,53.8,54.1,53.55,53.78,16913
2023-09-15 12:09:00,53.78,53.8,53.5,53.57,9138
2023-09-18 12:09:00,53.57,53.9,51.97,53.85,5376
2023-09-20 12:09:00,53.8,53.8,53.26,53.62,4514
2023-09-21 12:09:00,53.58,54.14,53.0,53.32,9960
2023-09-22 12:09:00,53.6,53.6,52.84,53.26,9622
2023-09-25 12:09:00,52.82,53.6,52.82,53.28,5982
2023-09-26 12:09:00,53.47,53.56,53.23,53.52,1875
2023-09-27 12:09:00,53.52,54.06,53.25,53.95,9867
2023-09-28 12:09:00,53.51,54.0,52.9,53.01,8613
2023-09-29 12:09:00,53.05,55.01,52.8,53.24,19128
2023-10-03 12:10:00,53.4,53.4,52.57,52.96,7862
2023-10-04 12:10:00,53.29,53.29,52.74,53.04,3711
2023-10-05 12:10:00,52.7,53.3,52.7,53.01,4481
2023-10-06 12:10:00,53.41,53.41,53.01,53.15,3124
2023-10-09 12:10:00,53.1,53.19,52.61,53.1,1482
2023-10-10 12:10:00,53.15,53.49,52.52,53.46,3890
2023-10-11 12:10:00,52.4,54.0,52.4,53.93,6037
2023-10-12 12:10:00,54.2,54.2,53.7,53.94,3277
2023-10-13 12:10:00,53.99,54.39,53.7,54.07,32710
2023-10-16 12:10:00,55.15,55.15,53.91,54.07,6263
2023-10-17 12:10:00,54.63,54.65,54.07,54.19,11213
2023-10-18 12:10:00,54.5,54.5,53.96,54.05,4525
2023-10-19 12:10:00,54.0,54.22,53.75,54.17,3971
2023-10-20 12:10:00,55.5,55.8,53.3,53.4,10387
2023-10-23 12:10:00,53.79,53.79,52.4,52.96,10337
2023-10-25 12:10:00,53.47,53.47,52.49,52.81,7005
2023-10-26 12:10:00,53.0,53.0,51.96,52.45,43520
2023-10-27 12:10:00,52.45,53.13,52.45,53.08,6794
2023-10-30 12:10:00,53.47,53.47,52.58,52.83,2259
2023-10-31 12:10:00,53.29,53.29,52.67,52.76,4912
2023-11-01 12:11:00,53.0,53.1,52.49,52.57,8167
2023-11-02 12:11:00,53.28,53.4,52.83,53.17,13257
2023-11-03 12:11:00,53.68,53.68,53.17,53.5,3261
2023-11-06 12:11:00,54.57,54.57,53.5,53.82,5460
2023-11-07 12:11:00,54.12,54.13,53.58,53.78,1537
2023-11-08 12:11:00,53.6,54.22,53.6,54.16,2075
2023-11-09 12:11:00,54.53,54.53,53.74,53.81,2524
2023-11-10 12:11:00,54.19,54.19,53.35,53.81,2148
2023-11-12 12:11:00,54.3,54.49,54.0,54.07,2035
2023-11-13 12:11:00,54.99,54.99,53.57,53.69,2744
2023-11-15 12:11:00,54.4,54.4,53.72,54.02,21625
2023-11-16 12:11:00,52.94,54.35,52.94,54.13,8170
2023-11-17 12:11:00,54.35,54.5,54.04,54.45,6889
2023-11-20 12:11:00,55.42,55.42,54.21,54.36,6862
2023-11-21 12:11:00,55.0,55.0,54.09,54.19,3212
2023-11-22 12:11:00,55.0,55.0,54.07,54.38,6340
2023-11-23 12:11:00,54.01,54.7,54.01,54.53,4683
2023-11-24 12:11:00,54.53,54.8,54.34,54.4,3037
2023-11-28 12:11:00,54.8,54.8,54.18,54.24,4923
2023-11-29 12:11:00,54.6,54.6,54.2,54.45,3527
2023-11-30 12:11:00,54.35,54.95,54.35,54.77,23095
2023-12-01 12:12:00,54.97,55.79,54.79,55.65,36319
2023-12-04 12:12:00,55.97,56.49,55.15,56.1,45914
2023-12-05 12:12:00,56.5,56.5,55.78,55.89,14787
2023-12-06 12:12:00,56.3,56.6,56.01,56.46,6788
2023-12-07 12:12:00,56.79,56.79,55.9,56.07,5160
2023-12-08 12:12:00,56.36,56.41,55.4,55.52,34568
2023-12-11 12:12:00,56.7,56.7,55.5,55.75,5622
2023-12-12 12:12:00,56.18,56.18,55.48,55.59,4296
2023-12-13 12:12:00,55.88,56.0,55.53,55.97,4767
2023-12-14 12:12:00,56.6,56.6,55.9,56.12,48898
2023-12-15 12:12:00,55.82,56.27,55.77,55.93,25455
2023-12-18 12:12:00,56.23,56.45,55.7,56.12,13223
2023-12-19 12:12:00,57.81,57.81,55.84,56.71,25426
2023-12-20 12:12:00,56.71,57.4,55.8,56.43,48869
2023-12-21 12:12:00,56.7,56.74,55.68,56.69,10553
2023-12-22 12:12:00,56.69,57.15,56.42,57.03,10019
2023-12-26 12:12:00,57.1,57.3,56.62,57.24,10443
2023-12-27 12:12:00,57.5,57.58,57.27,57.49,4926
2023-12-28 12:12:00,57.8,58.48,57.4,58.35,13165
2023-12-29 12:12:00,58.6,59.76,58.3,58.83,30650
2024-01-01 12:01:00,59.5,59.5,58.81,59.28,5594
2024-01-02 12:01:00,59.28,60.76,58.57,59.08,17900
2024-01-03 12:01:00,59.1,59.5,58.78,59.27,7194
2024-01-04 12:01:00,59.6,59.97,59.4,59.7,5632
2024-01-05 12:01:00,59.99,60.39,59.5,59.57,5328
2024-01-08 12:01:00,59.96,59.96,58.6,58.67,16362
2024-01-09 12:01:00,59.21,59.21,58.46,58.5,10815
2024-01-10 12:01:00,58.83,58.83,57.92,58.22,20772
2024-01-11 12:01:00,59.7,59.7,58.05,58.16,8480
2024-01-12 12:01:00,58.66,58.66,57.93,58.44,9690
2024-01-15 12:01:00,58.94,58.94,58.12,58.61,47053
2024-01-16 12:01:00,59.2,59.2,58.3,58.62,7785
2024-01-17 12:01:00,58.5,58.99,58.13,58.2,5710
2024-01-18 12:01:00,58.2,58.2,57.15,57.71,24732
2024-01-19 12:01:00,57.7,58.63,57.52,58.48,2954
2024-01-20 12:01:00,58.99,58.99,57.9,57.95,6765
2024-01-23 12:01:00,57.95,58.5,56.7,56.91,38192
2024-01-24 12:01:00,57.21,57.87,55.98,57.66,43862
2024-01-25 12:01:00,57.7,57.9,56.91,57.02,15186
2024-01-29 12:01:00,57.7,57.7,56.92,57.04,8265
2024-01-30 12:01:00,57.4,57.49,56.4,56.49,37257
2024-01-31 12:01:00,57.1,57.1,56.1,57.0,18506
2024-02-01 12:02:00,57.48,57.62,56.97,57.14,38814
2024-02-02 12:02:00,57.6,57.79,56.8,57.05,20590
2024-02-05 12:02:00,57.38,57.51,56.5,56.62,17455
2024-02-06 12:02:00,57.02,57.02,56.17,56.51,49682
2024-02-07 12:02:00,57.0,57.0,56.4,56.6,13916
2024-02-08 12:02:00,56.7,57.06,55.44,55.81,39447
2024-02-09 12:02:00,55.25,56.21,55.25,55.99,13200
2024-02-12 12:02:00,56.5,56.6,55.35,55.44,11629
2024-02-13 12:02:00,56.0,56.0,55.36,55.57,12320
2024-02-14 12:02:00,55.5,56.1,55.23,55.88,14753
2024-02-15 12:02:00,55.51,56.48,55.4,55.48,32871
2024-02-16 12:02:00,55.59,55.99,55.31,55.65,16148
2024-02-19 12:02:00,56.06,56.25,55.65,56.12,26415
2024-02-20 12:02:00,56.3,56.4,55.65,55.97,24259
2024-02-21 12:02:00,56.3,56.4,55.78,56.04,23329
2024-02-22 12:02:00,56.4,56.5,55.71,56.47,11317
2024-02-23 12:02:00,56.51,56.69,56.38,56.51,9522
2024-02-26 12:02:00,56.51,56.56,56.02,56.48,18032
2024-02-27 12:02:00,56.8,56.99,56.14,56.35,7380
2024-02-28 12:02:00,56.15,56.8,55.82,55.9,10482
2024-02-29 12:02:00,56.4,56.4,55.53,56.12,5896
2024-03-01 12:03:00,56.13,56.7,56.0,56.35,10508
2024-03-02 12:03:00,56.0,56.75,55.25,56.47,1611
2024-03-04 12:03:00,56.47,56.9,56.01,56.33,9493
2024-03-05 12:03:00,56.33,56.4,55.65,55.8,19109
2024-03-06 12:03:00,56.1,56.1,55.26,55.94,26413
2024-03-07 12:03:00,55.94,56.66,55.8,56.49,40917
2024-03-11 12:03:00,56.8,56.8,56.1,56.25,19207
2024-03-12 12:03:00,56.26,56.9,55.55,55.66,23195
2024-03-13 12:03:00,56.21,56.82,55.5,55.77,232238
2024-03-14 12:03:00,55.77,56.3,55.48,56.2,9047
2024-03-15 12:03:00,56.2,56.65,55.91,56.3,35256
2024-03-18 12:03:00,56.3,56.69,55.64,56.03,6790
2024-03-19 12:03:00,56.03,56.03,54.74,54.89,35790
2024-03-20 12:03:00,55.5,55.5,54.5,55.13,18503
2024-03-21 12:03:00,55.18,55.54,55.05,55.49,120952
2024-03-22 12:03:00,55.5,56.0,55.45,55.91,13845
2024-03-26 12:03:00,55.91,56.15,55.5,55.66,26436
2024-03-27 12:03:00,55.66,55.9,55.56,55.67,6574
2024-03-28 12:03:00,55.83,56.3,55.52,56.18,15100
2024-04-01 12:04:00,56.18,56.6,55.74,56.05,13758
2024-04-02 12:04:00,56.05,56.4,55.9,56.26,8449
2024-04-03 12:04:00,56.26,56.26,55.61,56.02,19291
2024-04-04 12:04:00,56.05,56.3,55.68,55.78,38921
2024-04-05 12:04:00,55.78,56.25,55.54,56.04,21983
2024-04-08 12:04:00,56.1,56.29,55.73,56.13,13942
2024-04-09 12:04:00,55.91,56.29,55.7,55.85,24506
2024-04-10 12:04:00,55.85,56.57,55.76,56.33,30545
2024-04-12 12:04:00,56.2,56.58,55.9,55.94,14767
2024-04-15 12:04:00,55.73,56.19,55.01,55.3,36652
2024-04-16 12:04:00,55.1,55.6,55.0,55.46,13357
2024-04-18 12:04:00,55.99,55.99,54.87,55.06,32021
2024-04-19 12:04:00,55.0,55.28,54.0,55.17,14405
2024-04-22 12:04:00,55.53,55.7,55.17,55.44,40877
2024-04-23 12:04:00,55.7,56.16,55.52,56.06,22650
2024-04-24 12:04:00,56.06,56.16,55.67,55.99,10568
2024-04-25 12:04:00,55.99,56.5,55.73,56.29,16336
2024-04-26 12:04:00,56.0,56.69,56.0,56.45,44319
2024-04-29 12:04:00,56.45,56.7,56.22,56.36,11994
2024-04-30 12:04:00,56.4,56.81,56.01,56.38,14194
2024-05-02 12:05:00,56.38,56.9,56.12,56.66,26513
2024-05-03 12:05:00,56.7,56.88,56.12,56.45,54811
2024-05-06 12:05:00,56.6,56.89,56.26,56.77,14394
2024-05-07 12:05:00,56.9,58.25,56.69,57.9,101994
2024-05-08 12:05:00,57.9,58.37,57.77,58.12,62207
2024-05-09 12:05:00,58.3,58.44,56.57,56.81,41739
2024-05-10 12:05:00,56.8,60.75,56.8,57.63,203523
2024-05-13 12:05:00,58.44,58.75,56.99,57.46,411320
2024-05-14 12:05:00,58.47,58.47,57.1,57.23,234966
2024-05-15 12:05:00,58.95,58.95,56.65,56.79,200153
2024-05-16 12:05:00,56.79,57.2,56.3,56.97,247854
2024-05-17 12:05:00,57.05,57.47,56.9,57.28,116141
2024-05-18 12:05:00,57.63,57.64,57.19,57.44,43229
2024-05-21 12:05:00,58.34,58.95,56.91,57.18,264701
2024-05-22 12:05:00,57.43,58.08,57.21,57.98,548329
2024-05-23 12:05:00,58.29,58.29,57.66,57.99,197362
2024-05-24 12:05:00,57.98,58.5,57.63,57.87,255978
2024-05-27 12:05:00,58.35,58.35,57.45,57.52,356309
2024-05-28 12:05:00,57.6,57.83,57.35,57.45,182551
2024-05-29 12:05:00,57.36,57.8,57.1,57.22,368212
2024-05-30 12:05:00,57.19,57.75,56.32,56.47,256009
2024-05-31 12:05:00,58.15,58.15,56.15,56.31,178539
2024-06-03 12:06:00,56.93,57.69,56.41,56.58,279987
2024-06-04 12:06:00,58.3,58.77,55.91,57.81,1023057
2024-06-05 12:06:00,57.96,67.95,57.96,60.45,4434184
2024-06-06 12:06:00,61.0,61.22,58.91,59.79,1657682
2024-06-07 12:06:00,60.47,60.85,59.95,60.72,9980594
2024-06-10 12:06:00,60.72,61.38,60.21,60.58,4340205
2024-06-11 12:06:00,60.93,61.27,60.3,60.44,2131690
2024-06-12 12:06:00,60.58,60.58,60.06,60.11,3029323
2024-06-13 12:06:00,60.15,60.74,59.7,59.77,1189951
2024-06-14 12:06:00,59.77,60.38,59.27,59.79,678320
2024-06-18 12:06:00,60.94,60.95,59.81,59.98,616026
2024-06-19 12:06:00,60.01,60.34,59.26,59.39,610764
2024-06-20 12:06:00,59.6,59.84,59.08,59.47,454859
2024-06-21 12:06:00,59.77,59.78,58.5,58.76,954002
2024-06-24 12:06:00,58.76,59.11,58.5,59.08,318678
2024-06-25 12:06:00,59.48,59.48,58.75,58.97,313227
2024-06-26 12:06:00,58.98,59.32,58.6,59.18,362832
2024-06-27 12:06:00,59.2,59.5,58.95,59.24,338174
2024-06-28 12:06:00,59.0,59.8,59.0,59.57,966869
2024-07-01 12:07:00,59.6,59.93,59.26,59.82,367338
2024-07-02 12:07:00,60.1,60.33,59.2,59.7,423913
2024-07-03 12:07:00,59.97,59.97,59.33,59.78,303485
2024-07-04 12:07:00,61.55,61.55,59.71,59.83,522412
2024-07-05 12:07:00,59.84,60.49,59.81,60.31,670522
2024-07-08 12:07:00,60.67,61.59,60.5,61.44,3099867
2024-07-09 12:07:00,61.5,62.29,61.45,62.04,1571034
2024-07-10 12:07:00,62.26,62.47,61.27,62.21,1367526
2024-07-11 12:07:00,62.29,62.45,61.72,62.32,784955
2024-07-12 12:07:00,62.32,62.65,62.13,62.56,1070071
2024-07-15 12:07:00,62.91,63.01,62.47,62.96,706655
2024-07-16 12:07:00,63.09,63.79,62.91,63.48,915233
2024-07-18 12:07:00,63.6,64.18,63.19,64.07,1046524
2024-07-19 12:07:00,64.56,64.6,63.27,63.89,1148294
2024-07-22 12:07:00,63.88,64.4,62.0,63.79,932966
2024-07-23 12:07:00,64.29,66.0,63.76,65.46,1629373
2024-07-24 12:07:00,66.0,66.97,64.81,65.2,1123644
2024-07-25 12:07:00,65.21,65.98,64.41,65.02,612380
2024-07-26 12:07:00,65.3,65.82,64.77,65.63,532089
2024-07-29 12:07:00,65.7,66.3,65.21,65.4,646121
2024-07-30 12:07:00,66.06,66.06,64.77,64.86,498232
2024-07-31 12:07:00,64.87,65.37,64.8,65.0,279406
2024-08-01 12:08:00,66.0,66.0,64.89,65.22,328811
2024-08-02 12:08:00,67.2,67.2,64.51,64.73,328938
2024-08-05 12:08:00,62.95,65.16,62.95,64.51,816301
2024-08-06 12:08:00,64.51,65.38,64.33,64.45,520855
2024-08-07 12:08:00,65.21,65.5,64.55,65.41,384933
2024-08-08 12:08:00,65.84,65.85,64.9,65.25,395973
2024-08-09 12:08:00,65.3,65.8,65.0,65.17,486925
2024-08-12 12:08:00,65.75,65.75,64.6,64.7,504818
2024-08-13 12:08:00,65.7,65.7,64.32,64.5,314783
2024-08-14 12:08:00,64.82,64.88,64.0,64.36,346960
2024-08-16 12:08:00,65.36,65.65,64.3,65.12,278973
2024-08-19 12:08:00,65.66,65.78,64.59,65.23,495090
2024-08-20 12:08:00,66.55,66.55,64.97,65.28,343164
2024-08-21 12:08:00,65.28,66.26,65.28,66.19,370300
2024-08-22 12:08:00,66.23,66.68,66.11,66.57,415568
2024-08-23 12:08:00,67.12,67.12,66.21,66.5,432207
2024-08-26 12:08:00,66.56,66.94,66.35,66.72,315184
2024-08-27 12:08:00,67.06,67.06,66.04,66.15,461534
2024-08-28 12:08:00,66.15,66.65,65.66,65.83,1020054
2024-08-29 12:08:00,65.5,66.83,65.31,66.17,228098
2024-08-30 12:08:00,66.59,66.6,65.92,66.13,738184
2024-09-02 12:09:00,67.4,67.4,65.9,66.72,902204
2024-09-03 12:09:00,66.75,67.1,66.48,66.61,306819
2024-09-04 12:09:00,66.3,67.01,66.0,66.72,592856
2024-09-05 12:09:00,67.1,67.12,66.52,66.81,216145
2024-09-06 12:09:00,66.81,66.99,65.91,66.17,409078
2024-09-09 12:09:00,66.18,67.71,65.92,67.6,487373
2024-09-10 12:09:00,67.73,68.0,67.21,67.73,470493
2024-09-11 12:09:00,68.3,68.53,67.44,67.96,709324
2024-09-12 12:09:00,68.54,68.63,67.74,68.58,1707053
2024-09-13 12:09:00,69.11,69.11,68.14,68.31,688134
2024-09-16 12:09:00,68.38,68.75,67.5,67.87,758783
2024-09-17 12:09:00,67.86,68.39,67.7,67.9,594535
2024-09-18 12:09:00,67.89,68.3,67.4,67.79,499205
2024-09-19 12:09:00,68.01,68.6,67.88,68.07,1638040
2024-09-20 12:09:00,68.63,69.21,68.18,69.12,889703
2024-09-23 12:09:00,71.2,71.2,68.88,69.62,420722
2024-09-24 12:09:00,69.62,69.64,68.95,69.08,533027
2024-09-25 12:09:00,69.08,69.32,68.2,68.69,570799
2024-09-26 12:09:00,68.88,69.37,68.58,69.19,610289
2024-09-27 12:09:00,69.24,69.71,68.3,69.16,611693
2024-09-30 12:09:00,69.15,69.67,68.6,68.79,409610
2024-10-01 12:10:00,68.8,69.67,68.28,68.74,428687
2024-10-03 12:10:00,68.74,68.76,67.6,67.87,555070
2024-10-04 12:10:00,68.68,68.68,66.43,66.93,966670
2024-10-07 12:10:00,68.9,68.9,65.7,65.98,696398
2024-10-08 12:10:00,66.98,66.99,65.79,66.46,236781
2024-10-09 12:10:00,66.38,66.78,65.3,65.49,1321404
2024-10-10 12:10:00,66.06,66.06,64.9,65.14,1153704
2024-10-11 12:10:00,65.2,65.63,64.9,65.17,641517
2024-10-14 12:10:00,65.29,65.66,64.92,65.46,626983
2024-10-15 12:10:00,65.53,65.76,65.16,65.7,426211
2024-10-16 12:10:00,65.74,65.89,65.15,65.43,544700
2024-10-17 12:10:00,65.6,65.6,64.3,64.86,486713
2024-10-18 12:10:00,64.56,64.69,63.42,64.13,832495
2024-10-21 12:10:00,64.25,65.12,62.7,63.25,2155033
2024-10-22 12:10:00,63.26,63.77,62.83,63.16,580352
2024-10-23 12:10:00,63.8,63.8,62.76,62.99,559444
2024-10-24 12:10:00,63.01,63.18,61.01,61.24,2123387
2024-10-25 12:10:00,62.24,62.24,61.35,61.83,641438
2024-10-28 12:10:00,62.0,62.48,61.01,62.17,667675
2024-10-29 12:10:00,62.22,62.39,61.55,62.16,328676
2024-10-30 12:10:00,62.16,62.8,62.07,62.66,459441
2024-10-31 12:10:00,62.72,62.72,61.93,62.18,1463515
2024-11-01 12:11:00,64.05,64.05,62.51,62.95,151321
2024-11-04 12:11:00,62.95,62.95,61.16,61.7,960461
2024-11-05 12:11:00,62.69,62.69,61.13,61.41,413336
2024-11-06 12:11:00,61.42,61.9,61.4,61.71,811798
2024-11-07 12:11:00,61.72,61.97,61.0,61.18,559288
2024-11-08 12:11:00,61.71,61.71,60.86,61.38,341385
2024-11-11 12:11:00,61.54,61.59,60.61,60.88,386150
2024-11-12 12:11:00,60.88,60.88,59.6,59.93,758488
2024-11-13 12:11:00,60.93,60.93,59.43,59.6,523764
2024-11-14 12:11:00,59.65,59.78,58.7,58.77,2016299
2024-11-18 12:11:00,59.07,59.3,58.4,59.11,730322
2024-11-19 12:11:00,59.01,60.01,59.01,59.09,801847
2024-11-21 12:11:00,59.33,59.33,58.41,58.79,526967
2024-11-22 12:11:00,58.79,60.1,58.44,59.9,353757
2024-11-25 12:11:00,60.15,60.98,60.14,60.45,651862
2024-11-26 12:11:00,60.9,61.17,60.41,60.81,280990
2024-11-27 12:11:00,61.34,61.34,60.44,60.99,364299
2024-11-28 12:11:00,61.31,61.72,60.5,60.73,423864
2024-11-29 12:11:00,60.74,61.13,60.54,60.98,310849
2024-12-02 12:12:00,61.97,61.97,60.51,60.97,308075
2024-12-03 12:12:00,60.97,60.97,60.05,60.72,2844682
2024-12-04 12:12:00,60.97,60.97,60.18,60.29,771422
2024-12-05 12:12:00,60.7,60.77,59.86,60.63,805515
2024-12-06 12:12:00,60.7,60.94,60.64,60.78,447168
2024-12-09 12:12:00,61.38,61.99,59.25,59.41,6103686
2024-12-10 12:12:00,59.55,59.67,59.32,59.49,1146354
2024-12-11 12:12:00,59.5,59.85,59.4,59.72,1263810
2024-12-12 12:12:00,59.9,59.91,58.96,59.08,2076216
2024-12-13 12:12:00,59.67,59.89,58.39,59.82,1782778
2024-12-16 12:12:00,59.82,60.14,59.4,59.6,1396147
2024-12-17 12:12:00,59.76,59.79,59.15,59.4,960069
2024-12-18 12:12:00,59.66,59.68,59.2,59.37,702128
2024-12-19 12:12:00,59.3,59.37,58.93,59.06,964481
2024-12-20 12:12:00,59.06,59.4,58.25,58.48,1219964
2024-12-23 12:12:00,59.0,59.21,58.53,59.02,879754
2024-12-24 12:12:00,59.21,59.54,58.87,59.37,510121
2024-12-26 12:12:00,59.38,60.34,59.06,59.2,431633
2024-12-27 12:12:00,59.78,59.78,59.05,59.37,306574
2024-12-30 12:12:00,60.35,60.35,59.01,59.44,696243
2024-12-31 12:12:00,59.98,59.98,59.12,59.56,2269357
2025-01-01 12:01:00,59.59,59.95,59.55,59.81,484100
2025-01-02 12:01:00,60.36,60.55,59.68,60.48,922616
2025-01-03 12:01:00,60.63,60.9,60.2,60.65,901081
2025-01-06 12:01:00,60.59,61.0,59.36,59.54,682125
2025-01-07 12:01:00,59.9,60.09,59.6,59.65,493276
2025-01-08 12:01:00,60.15,60.15,59.08,59.93,687973
2025-01-09 12:01:00,60.42,61.1,59.69,60.54,921048
2025-01-10 12:01:00,60.99,60.99,59.83,59.97,993179
2025-01-13 12:01:00,60.0,60.0,59.1,59.2,840502
2025-01-14 12:01:00,59.66,59.66,58.45,58.53,1428689
2025-01-15 12:01:00,58.72,59.29,58.04,58.43,1093491
2025-01-16 12:01:00,59.96,59.96,57.8,58.13,1252837
2025-01-17 12:01:00,58.4,58.94,58.0,58.74,720325
2025-01-20 12:01:00,60.33,60.33,58.36,58.65,685187
2025-01-21 12:01:00,59.22,59.65,58.45,58.53,614055
2025-01-22 12:01:00,59.29,59.29,58.32,58.56,652781
2025-01-23 12:01:00,58.74,58.77,57.61,58.72,745557
2025-01-24 12:01:00,57.76,59.28,57.76,59.01,832989
2025-01-27 12:01:00,59.29,59.4,58.25,58.51,618226
2025-01-28 12:01:00,58.97,58.97,58.11,58.34,592327
2025-01-29 12:01:00,59.2,59.2,57.64,57.92,1414141
2025-01-30 12:01:00,57.5,58.5,57.37,58.38,525950
2025-01-31 12:01:00,56.65,59.65,56.65,59.42,2827003
2025-02-01 12:02:00,59.43,62.18,58.91,61.3,4905497
2025-02-03 12:02:00,61.5,61.87,60.11,60.44,2619912
2025-02-04 12:02:00,60.95,60.95,59.5,60.22,2233557
2025-02-05 12:02:00,60.23,60.35,59.29,59.35,1830194
2025-02-06 12:02:00,60.09,60.96,58.59,58.8,1159628
2025-02-07 12:02:00,59.19,59.2,57.82,58.02,2751937
2025-02-10 12:02:00,58.58,58.67,57.55,57.76,729294
2025-02-11 12:02:00,58.9,58.9,56.25,56.65,1920289
2025-02-12 12:02:00,57.0,57.11,56.19,56.76,834531
2025-02-13 12:02:00,57.19,57.19,56.36,56.41,731459
2025-02-14 12:02:00,56.89,57.03,56.07,56.25,1056541
2025-02-17 12:02:00,56.98,56.98,55.71,56.03,707582
2025-02-18 12:02:00,56.03,56.18,55.36,55.52,1001144
2025-02-19 12:02:00,55.92,55.94,55.13,55.36,1070823
2025-02-20 12:02:00,55.37,55.44,54.93,55.39,816942
2025-02-21 12:02:00,55.6,55.6,54.95,55.01,1145967
2025-02-24 12:02:00,55.0,55.39,54.8,55.34,689826
2025-02-25 12:02:00,55.79,55.79,55.12,55.43,849997
2025-02-27 12:02:00,56.9,56.9,54.62,55.09,728634
2025-02-28 12:02:00,56.75,56.75,53.53,53.68,2788215
2025-03-03 12:03:00,54.24,54.47,53.12,53.75,1008320
2025-03-04 12:03:00,54.11,54.11,53.14,53.46,798420
2025-03-05 12:03:00,53.96,55.9,53.44,54.3,1690616
2025-03-06 12:03:00,54.79,54.98,54.05,54.79,842855
2025-03-07 12:03:00,54.8,55.46,54.51,54.89,585410
2025-03-10 12:03:00,54.85,55.48,54.56,54.88,1126198
2025-03-11 12:03:00,54.88,55.11,54.01,54.95,1129737
2025-03-12 12:03:00,55.24,55.24,54.66,54.89,632014
2025-03-13 12:03:00,55.23,55.24,54.7,54.74,1548675
2025-03-17 12:03:00,55.83,55.94,54.4,54.61,1132934
2025-03-18 12:03:00,54.61,55.55,54.52,55.34,1973435
2025-03-19 12:03:00,55.5,55.72,55.19,55.23,1505586
2025-03-20 12:03:00,55.59,56.01,55.23,55.83,644380
2025-03-21 12:03:00,56.05,56.1,55.65,55.9,880825
2025-03-24 12:03:00,56.21,56.31,55.91,56.19,916284
2025-03-25 12:03:00,56.47,56.57,55.92,56.02,2073686
2025-03-26 12:03:00,56.54,56.54,55.8,55.89,740100
2025-03-27 12:03:00,56.39,56.39,55.6,56.25,893271
2025-03-28 12:03:00,56.25,56.98,56.25,56.47,1189400
2025-04-01 12:04:00,56.64,56.98,55.83,55.99,1122892
2025-04-02 12:04:00,56.62,56.68,55.78,56.61,503142
2025-04-03 12:04:00,56.88,58.28,54.9,56.75,879726
2025-04-04 12:04:00,56.68,57.15,56.21,56.73,1113985
2025-04-07 12:04:00,56.0,56.25,54.47,55.92,1084784
2025-04-08 12:04:00,56.49,57.62,56.46,57.3,1553494
2025-04-09 12:04:00,57.3,58.42,57.3,58.27,1592953
2025-04-11 12:04:00,58.49,58.89,58.23,58.76,1148766
2025-04-15 12:04:00,59.0,59.36,58.57,58.92,905274
2025-04-16 12:04:00,59.24,59.48,58.75,59.37,915382
2025-04-17 12:04:00,59.66,59.82,58.68,59.76,988581
2025-04-21 12:04:00,60.2,60.2,59.25,59.35,1498222
2025-04-22 12:04:00,59.79,60.4,59.26,60.31,1142508
2025-04-23 12:04:00,60.36,60.68,60.21,60.61,1080367
2025-04-24 12:04:00,60.82,61.18,60.0,60.06,1588609
2025-04-25 12:04:00,60.59,60.59,59.03,59.79,1236454
2025-04-28 12:04:00,59.98,59.99,59.4,59.84,703785
2025-04-29 12:04:00,60.12,60.12,59.46,59.61,665703
2025-04-30 12:04:00,59.65,59.99,59.23,59.52,518594
2025-05-02 12:05:00,59.66,59.76,59.0,59.36,704970
2025-05-05 12:05:00,59.67,60.13,59.39,60.01,921555
2025-05-06 12:05:00,60.39,60.39,59.68,59.94,946272
2025-05-07 12:05:00,59.94,59.94,59.11,59.64,404783
2025-05-08 12:05:00,59.64,59.84,58.91,59.05,587023
2025-05-09 12:05:00,58.95,58.96,58.12,58.67,627620
2025-05-12 12:05:00,59.02,60.3,59.02,60.21,1037320
2025-05-13 12:05:00,60.27,60.48,59.46,59.59,1345318
2025-05-14 12:05:00,59.8,59.81,59.29,59.61,769421
2025-05-15 12:05:00,59.9,60.1,59.32,59.95,996635
2025-05-16 12:05:00,60.23,60.55,59.8,60.37,881385
2025-05-19 12:05:00,60.37,60.66,60.07,60.23,1682716
2025-05-20 12:05:00,60.53,60.61,59.34,59.44,842095
2025-05-21 12:05:00,59.72,60.0,59.35,59.67,497934
2025-05-22 12:05:00,59.67,59.67,58.51,58.82,1976486
2025-05-23 12:05:00,59.11,59.75,58.91,59.64,1916759
2025-05-26 12:05:00,59.64,60.2,59.64,60.14,1697865
2025-05-27 12:05:00,60.22,60.38,59.5,59.81,1285499
2025-05-28 12:05:00,59.82,59.82,59.1,59.3,1231251
2025-05-29 12:05:00,59.69,59.69,58.92,59.24,1119231
2025-05-30 12:05:00,59.25,59.49,58.75,58.87,1249732
2025-06-02 12:06:00,59.01,59.78,58.91,59.41,957230
2025-06-03 12:06:00,59.0,60.08,58.93,59.05,869798
2025-06-04 12:06:00,59.34,60.0,58.86,59.5,700667
2025-06-05 12:06:00,59.48,59.49,58.92,59.27,1066934
2025-06-06 12:06:00,59.47,59.47,59.18,59.38,932013
2025-06-09 12:06:00,60.08,60.08,59.31,59.67,1210921
2025-06-10 12:06:00,60.11,60.11,59.35,59.84,1400611
2025-06-11 12:06:00,61.33,61.33,59.4,59.45,1574879
2025-06-12 12:06:00,59.51,59.71,58.59,58.7,2378065
2025-06-13 12:06:00,60.16,60.16,57.96,58.11,3481045
2025-06-16 12:06:00,59.3,59.3,57.99,58.44,1494324
2025-06-17 12:06:00,59.61,59.61,58.05,58.21,1344395
2025-06-18 12:06:00,59.37,60.12,57.82,58.01,1186260
2025-06-19 12:06:00,58.5,58.5,57.7,57.82,930196
2025-06-20 12:06:00,57.83,58.4,57.78,58.22,534342
2025-06-23 12:06:00,59.67,59.67,57.69,57.97,1606153
2025-06-24 12:06:00,58.7,58.7,57.95,58.0,1265488
2025-06-25 12:06:00,59.74,59.74,57.96,58.26,911808
2025-06-26 12:06:00,58.49,58.65,58.22,58.61,1153205
2025-06-27 12:06:00,58.91,58.91,58.55,58.68,886644
2025-06-30 12:06:00,60.14,60.14,58.35,58.56,1406245
2025-07-01 12:07:00,58.56,58.98,53.0,58.17,1449599
2025-07-02 12:07:00,58.46,58.79,57.94,58.08,1255342
2025-07-03 12:07:00,59.53,59.53,58.01,58.16,1103230
2025-07-04 12:07:00,59.61,59.61,58.17,58.41,778255
2025-07-07 12:07:00,58.17,59.33,56.94,59.22,2129228
2025-07-08 12:07:00,58.98,59.49,58.98,59.22,1925023
2025-07-09 12:07:00,59.34,59.6,59.16,59.51,2358588
2025-07-10 12:07:00,59.55,59.79,59.11,59.15,952231
2025-07-11 12:07:00,59.45,59.9,59.36,59.5,1834045
2025-07-14 12:07:00,59.86,60.48,59.31,59.68,955964
2025-07-15 12:07:00,59.72,60.06,59.43,60.01,1447871
2025-07-16 12:07:00,59.68,60.61,59.61,60.31,931585
2025-07-17 12:07:00,60.48,60.64,60.3,60.45,1473445
2025-07-18 12:07:00,60.8,60.8,60.01,60.24,775576
2025-07-21 12:07:00,60.7,61.74,59.79,59.99,1376846
2025-07-22 12:07:00,60.5,61.74,59.64,59.77,679503
2025-07-23 12:07:00,59.53,60.06,58.27,59.45,885563
2025-07-24 12:07:00,59.81,59.81,58.57,58.78,1507796
2025-07-25 12:07:00,59.07,59.07,58.15,58.25,1433951
2025-07-28 12:07:00,58.39,58.65,58.02,58.39,769067
2025-07-29 12:07:00,59.05,59.05,58.17,58.57,705795
2025-07-30 12:07:00,58.57,58.66,58.35,58.57,715705
2025-07-31 12:07:00,58.65,59.81,58.0,59.45,1509419
2025-08-01 12:08:00,59.45,60.74,59.44,59.9,2057392
2025-08-04 12:08:00,60.35,60.35,59.67,59.8,595773
2025-08-05 12:08:00,60.09,60.09,59.22,59.48,1237447
2025-08-06 12:08:00,59.87,59.87,58.79,58.89,707275
2025-08-07 12:08:00,59.18,59.18,58.62,58.99,409274
2025-08-08 12:08:00,57.51,59.34,57.51,58.55,272546
2025-08-11 12:08:00,58.56,59.02,58.26,58.95,725589
2025-08-12 12:08:00,59.24,59.28,58.61,58.65,380962
2025-08-13 12:08:00,58.94,59.07,58.42,58.7,321251
2025-08-14 12:08:00,58.7,59.08,58.28,58.35,558101
2025-08-18 12:08:00,59.49,60.01,58.35,59.12,1322151
2025-08-19 12:08:00,59.53,59.75,58.91,59.7,547958
2025-08-20 12:08:00,59.7,60.49,59.38,60.35,1619568
2025-08-21 12:08:00,60.08,61.0,59.91,60.02,778922
2025-08-22 12:08:00,60.33,60.33,59.45,59.57,592692
2025-08-25 12:08:00,59.98,59.98,59.12,59.52,678660
2025-08-26 12:08:00,59.82,60.31,59.29,60.04,1052887
2025-08-28 12:08:00,60.46,60.46,59.19,59.27,1063971
2025-08-29 12:08:00,59.56,60.28,59.23,59.99,798966
2025-09-01 12:09:00,60.41,60.41,59.7,59.95,663276
2025-09-02 12:09:00,60.35,60.6,59.83,60.57,1078212
2025-09-03 12:09:00,60.85,62.08,60.52,60.87,1104756
2025-09-04 12:09:00,61.73,62.3,60.91,61.0,3689405
2025-09-05 12:09:00,61.46,62.15,59.9,60.2,3106057
2025-09-08 12:09:00,60.23,60.63,60.0,60.04,822845
2025-09-09 12:09:00,61.54,61.54,59.96,60.37,1282175
2025-09-10 12:09:00,60.89,61.73,60.2,60.57,1121144
2025-09-11 12:09:00,59.05,60.89,59.05,60.7,1021144
2025-09-12 12:09:00,61.11,61.11,60.25,60.36,912923
2025-09-15 12:09:00,60.37,60.73,60.24,60.4,1078282
2025-09-16 12:09:00,60.78,60.78,60.16,60.3,1579692
2025-09-17 12:09:00,60.68,60.68,60.01,60.13,1442120
